Adult Mortality,BMI,Polio,Diphtheria,HIV/AIDS,GDP,Thinness age 10-19,Thinness age 5-9,Income composition of resources,Schooling,Life expectancy
268.0,18.1,62.0,64.0,0.1,631.744976,17.7,17.7,0.47,9.9,59.9
272.0,17.6,67.0,67.0,0.1,669.959,17.9,18.0,0.463,9.8,59.5
275.0,17.2,68.0,68.0,0.1,63.537231,18.2,18.2,0.454,9.5,59.2
279.0,16.7,66.0,66.0,0.1,553.32894,18.4,18.4,0.448,9.2,58.8
281.0,16.2,63.0,63.0,0.1,445.8932979,18.6,18.7,0.434,8.9,58.6
287.0,15.7,64.0,64.0,0.1,373.3611163,18.8,18.9,0.433,8.7,58.1
295.0,15.2,63.0,63.0,0.1,369.835796,19.0,19.1,0.415,8.4,57.5
295.0,14.7,58.0,58.0,0.1,272.56377,19.2,19.3,0.405,8.1,57.3
291.0,14.2,58.0,58.0,0.1,25.2941299,19.3,19.5,0.396,7.9,57.3
293.0,13.8,5.0,5.0,0.1,219.1413528,19.5,19.7,0.381,6.8,57.0
295.0,13.4,41.0,41.0,0.1,198.7285436,19.7,19.9,0.373,6.5,56.7
3.0,13.0,36.0,36.0,0.1,187.84595,19.9,2.2,0.341,6.2,56.2
316.0,12.6,35.0,33.0,0.1,117.49698,2.1,2.4,0.34,5.9,55.3
321.0,12.2,24.0,24.0,0.1,114.56,2.3,2.5,0.338,5.5,54.8
84.0,56.5,99.0,99.0,0.1,4414.72314,1.3,1.4,0.759,14.2,77.2
86.0,55.8,99.0,99.0,0.1,4247.61438,1.3,1.4,0.752,14.2,76.9
88.0,55.1,99.0,99.0,0.1,4437.17868,1.4,1.5,0.738,13.3,76.6
91.0,54.3,99.0,99.0,0.1,494.358832,1.4,1.5,0.725,12.5,76.2
91.0,53.5,98.0,98.0,0.1,4114.136545,1.5,1.6,0.721,12.2,76.1
1.0,52.6,99.0,99.0,0.1,437.539647,1.6,1.6,0.713,12.0,75.3
9.0,51.7,99.0,98.0,0.1,363.13685,1.6,1.7,0.703,11.6,75.9
99.0,5.8,97.0,97.0,0.1,35.1293,1.7,1.8,0.696,11.4,74.2
15.0,49.9,97.0,98.0,0.1,279.142931,1.8,1.8,0.685,10.8,73.5
17.0,48.9,98.0,97.0,0.1,2416.588235,1.8,1.9,0.681,10.9,73.0
18.0,47.9,97.0,97.0,0.1,189.681557,1.9,2.0,0.674,10.7,72.8
15.0,46.9,98.0,98.0,0.1,1453.642777,2.0,2.1,0.67,10.7,73.3
14.0,46.0,97.0,97.0,0.1,1326.97339,2.1,2.1,0.662,10.6,73.6
11.0,45.0,97.0,97.0,0.1,1175.788981,2.1,2.2,0.656,10.7,72.6
112.0,57.2,95.0,95.0,0.1,5471.866766,5.9,5.8,0.737,14.4,75.3
113.0,56.1,95.0,95.0,0.1,5564.82566,5.9,5.8,0.732,14.4,75.1
116.0,55.0,95.0,95.0,0.1,5432.2523,5.9,5.8,0.724,14.0,74.9
119.0,53.9,95.0,95.0,0.1,4463.394675,5.9,5.8,0.714,13.6,74.7
123.0,52.8,94.0,95.0,0.1,3868.83123,6.0,5.9,0.705,13.1,74.4
126.0,51.8,92.0,93.0,0.1,495.254866,6.0,5.9,0.697,12.6,74.1
129.0,5.8,95.0,95.0,0.1,3935.183343,6.0,5.9,0.69,12.3,73.8
132.0,49.8,95.0,95.0,0.1,3464.6179,6.1,6.0,0.686,12.3,73.4
136.0,48.9,88.0,88.0,0.1,31.122378,6.1,6.0,0.68,12.0,72.9
14.0,47.9,86.0,86.0,0.1,2598.9823,6.2,6.1,0.673,11.7,72.3
355.0,22.1,67.0,77.0,2.3,484.616884,8.6,8.5,0.523,11.4,51.1
358.0,21.5,75.0,75.0,2.6,4598.249988,8.8,8.6,0.508,10.3,56.0
361.0,21.0,73.0,71.0,2.5,4299.12889,8.9,8.8,0.495,9.4,51.0
365.0,2.4,81.0,77.0,2.5,3529.53482,9.1,9.0,0.488,9.0,49.6
369.0,19.8,63.0,6.0,2.5,3347.84485,9.3,9.2,0.48,8.5,49.1
371.0,19.3,65.0,69.0,2.6,3868.578883,9.5,9.4,0.468,8.1,48.7
375.0,18.8,75.0,73.0,2.6,2878.837144,9.6,9.6,0.454,7.7,48.2
119.0,61.6,99.0,94.0,0.1,12976.63642,1.0,0.9,0.823,17.3,76.0
12.0,61.0,99.0,91.0,0.1,12969.7712,1.0,0.9,0.822,17.2,75.9
12.0,6.4,93.0,91.0,0.1,12726.9836,1.0,0.9,0.816,17.1,75.7
121.0,59.8,95.0,94.0,0.1,1276.265,1.0,0.9,0.802,16.8,75.5
126.0,59.2,97.0,94.0,0.1,8161.36966,1.0,0.9,0.794,16.5,75.6
126.0,58.6,94.0,93.0,0.1,8953.359275,1.0,0.9,0.792,16.3,75.4
129.0,58.0,92.0,91.0,0.1,7193.61764,1.1,0.9,0.788,16.3,74.8
127.0,57.5,92.0,91.0,0.1,5878.76127,1.1,0.9,0.782,16.1,75.2
127.0,56.9,95.0,98.0,0.1,576.883829,1.1,1.0,0.78,16.3,74.9
13.0,56.3,91.0,98.0,0.1,4251.574348,1.1,1.0,0.775,16.3,74.7
137.0,55.7,95.0,96.0,0.1,333.4376,1.2,1.0,0.77,16.4,74.1
138.0,55.1,94.0,93.0,0.1,2579.193168,1.2,1.0,0.776,16.3,74.1
123.0,53.3,96.0,95.0,0.1,3843.591213,2.1,2.1,0.736,12.7,74.4
121.0,52.6,96.0,95.0,0.1,3684.8481,2.0,2.1,0.732,12.7,74.4
128.0,51.9,96.0,95.0,0.1,3526.978143,2.0,2.1,0.729,12.7,73.9
132.0,51.2,96.0,94.0,0.1,3218.381655,2.0,2.1,0.72,12.3,73.5
137.0,5.7,94.0,93.0,0.1,2993.832531,2.0,2.1,0.725,11.9,73.3
14.0,5.1,91.0,89.0,0.1,41.26997,2.0,2.1,0.721,12.3,73.2
132.0,49.7,9.0,88.0,0.1,3138.8873,2.0,2.1,0.707,11.7,73.5
141.0,49.2,87.0,87.0,0.1,2158.299,2.0,2.1,0.692,11.2,72.9
137.0,48.8,92.0,9.0,0.1,1643.758397,2.0,2.1,0.679,10.9,73.0
132.0,48.4,93.0,91.0,0.1,1191.96192,2.0,2.1,0.668,10.9,73.0
134.0,48.1,96.0,94.0,0.1,93.1661567,2.0,2.1,0.657,10.8,72.7
134.0,47.8,96.0,94.0,0.1,783.261699,2.1,2.1,0.645,10.8,72.6
141.0,47.4,97.0,94.0,0.1,694.435119,2.1,2.1,0.644,11.1,72.6
142.0,47.1,96.0,93.0,0.1,622.7427477,2.1,2.2,0.639,11.2,72.0
61.0,65.5,91.0,91.0,0.1,67792.3386,0.6,0.6,0.933,20.3,82.5
61.0,65.0,92.0,92.0,0.1,67677.63477,0.6,0.6,0.93,20.1,82.3
63.0,64.4,92.0,92.0,0.1,62245.129,0.6,0.6,0.927,19.8,82.0
64.0,63.9,92.0,92.0,0.1,51874.848,0.7,0.6,0.927,19.5,81.9
66.0,63.4,92.0,92.0,0.1,42742.99898,0.7,0.6,0.925,19.1,81.7
66.0,62.9,92.0,92.0,0.1,49664.6854,0.7,0.6,0.921,19.1,81.3
66.0,62.5,92.0,92.0,0.1,4991.98289,0.7,0.6,0.918,19.0,81.3
66.0,62.0,92.0,92.0,0.1,36118.28381,0.7,0.6,0.915,20.3,81.2
67.0,61.5,92.0,92.0,0.1,3416.71483,0.7,0.6,0.91,20.3,81.0
69.0,6.9,92.0,92.0,0.1,3472.37977,0.7,0.6,0.908,20.7,86.0
71.0,6.3,92.0,93.0,0.1,23465.38559,0.7,0.7,0.905,20.6,83.0
73.0,59.6,92.0,92.0,0.1,281.81763,0.7,0.7,0.902,20.1,79.9
75.0,59.0,91.0,92.0,0.1,19517.84168,0.7,0.7,0.899,20.5,79.9
68.0,56.6,95.0,95.0,0.1,554.71532,1.8,2.0,0.887,15.7,81.1
7.0,56.1,92.0,92.0,0.1,48333.57273,1.8,2.0,0.884,15.7,88.0
73.0,55.7,89.0,89.0,0.1,51126.74139,1.7,2.0,0.88,15.7,88.0
75.0,55.2,86.0,86.0,0.1,46657.629,1.7,1.9,0.872,15.4,84.0
77.0,54.7,83.0,83.0,0.1,47654.18721,1.7,1.9,0.87,15.3,82.0
76.0,54.2,83.0,83.0,0.1,51386.37665,1.7,1.9,0.864,15.1,84.0
8.0,53.7,85.0,85.0,0.1,46586.6525,1.7,1.9,0.86,15.2,81.0
81.0,53.2,83.0,83.0,0.1,443.99361,1.7,1.9,0.854,15.0,79.8
85.0,52.7,86.0,86.0,0.1,38242.4252,1.7,1.9,0.848,14.9,79.4
86.0,52.2,83.0,83.0,0.1,36693.4262,1.7,1.9,0.841,14.7,79.3
88.0,51.7,84.0,84.0,0.1,3212.9355,1.7,1.9,0.837,14.7,78.8
9.0,51.2,82.0,83.0,0.1,26351.37568,1.7,1.9,0.847,16.1,78.7
92.0,5.6,83.0,84.0,0.1,24489.73553,1.7,1.9,0.837,15.5,78.6
96.0,5.1,71.0,81.0,0.1,24517.26745,1.7,1.9,0.833,15.4,78.1
121.0,5.6,96.0,93.0,0.1,7875.756953,2.8,2.8,0.745,11.9,72.2
123.0,49.7,92.0,89.0,0.1,7496.335728,2.8,2.8,0.742,11.8,71.9
125.0,48.8,91.0,87.0,0.1,7189.691229,2.8,2.9,0.741,11.7,71.6
13.0,48.0,85.0,81.0,0.1,5842.85784,2.8,2.9,0.737,11.7,71.1
132.0,47.3,84.0,81.0,0.1,495.294791,2.8,2.9,0.728,11.6,78.0
141.0,46.6,85.0,81.0,0.1,5574.6382,2.8,2.9,0.719,11.6,73.0
14.0,45.9,81.0,79.0,0.1,3851.437869,2.8,2.9,0.708,11.6,73.0
154.0,45.3,8.0,78.0,0.1,2473.85776,2.9,2.9,0.682,10.7,69.2
162.0,44.7,79.0,75.0,0.1,1578.4239,2.9,3.0,0.675,11.2,68.4
154.0,44.2,78.0,77.0,0.1,145.2163,3.0,3.0,0.668,11.0,68.4
154.0,43.6,79.0,77.0,0.1,883.6439965,3.0,3.0,0.659,10.8,67.8
146.0,43.1,8.0,76.0,0.1,763.73858,3.1,3.1,0.651,10.6,67.8
135.0,17.0,96.0,96.0,0.1,951.8894535,18.3,18.8,0.565,10.0,71.0
137.0,16.4,94.0,94.0,0.1,856.342857,18.5,19.0,0.557,9.9,77.0
14.0,15.8,96.0,96.0,0.1,835.789341,18.7,19.2,0.545,9.4,73.0
142.0,15.2,94.0,94.0,0.1,757.6717572,18.9,19.4,0.535,8.9,69.9
144.0,14.6,97.0,97.0,0.1,681.125368,19.1,19.7,0.523,8.4,69.5
147.0,14.0,96.0,96.0,0.1,615.7775411,19.3,19.9,0.52,8.6,69.1
151.0,13.5,96.0,94.0,0.1,541.651484,19.5,2.1,0.513,8.6,68.6
152.0,13.0,95.0,94.0,0.1,494.51466,19.7,2.3,0.506,8.4,68.2
155.0,12.5,94.0,93.0,0.1,484.155471,19.9,2.5,0.499,8.2,67.8
158.0,12.0,88.0,99.0,0.1,46.7579167,2.1,2.7,0.491,8.1,67.3
161.0,11.6,9.0,87.0,0.1,432.7388972,2.3,2.9,0.484,7.9,66.8
23.0,61.1,98.0,98.0,0.1,7978.825443,2.0,2.0,0.796,15.7,71.7
194.0,6.5,98.0,98.0,0.1,694.243915,2.0,2.1,0.793,15.6,71.9
232.0,59.9,98.0,98.0,0.1,6519.71753,2.0,2.1,0.787,15.5,72.0
222.0,59.3,99.0,98.0,0.1,63.38877,2.0,2.2,0.78,15.5,73.0
226.0,58.7,98.0,96.0,0.1,5176.172649,2.1,2.2,0.771,15.4,70.0
224.0,58.2,98.0,97.0,0.1,6376.183153,2.1,2.3,0.755,15.1,70.0
226.0,57.7,9.0,95.0,0.1,4735.484827,2.2,2.3,0.739,14.9,69.8
243.0,57.2,97.0,99.0,0.1,3848.215966,2.2,2.4,0.723,14.6,68.9
252.0,56.7,98.0,99.0,0.1,3126.71767,2.3,2.5,0.713,14.4,68.1
247.0,56.2,99.0,99.0,0.1,2378.33927,2.4,2.5,0.703,14.1,68.2
253.0,55.8,53.0,5.0,0.1,1819.525644,2.5,2.6,0.695,13.9,67.7
262.0,55.3,99.0,99.0,0.1,1479.383142,2.5,2.7,0.687,13.6,67.2
254.0,54.9,99.0,99.0,0.1,1244.373185,2.6,2.7,0.681,13.3,67.7
247.0,54.4,99.0,99.0,0.1,1276.28834,2.7,2.8,0.675,13.1,68.0
77.0,63.0,99.0,99.0,0.1,4651.38647,1.0,0.9,0.889,16.3,87.0
78.0,62.6,99.0,99.0,0.1,4474.5717,0.9,0.9,0.886,16.2,83.0
8.0,62.3,98.0,98.0,0.1,4772.77415,0.9,0.9,0.884,16.1,83.0
81.0,61.9,98.0,98.0,0.1,4438.23741,0.9,0.9,0.878,15.9,80.0
85.0,61.6,98.0,98.0,0.1,4488.5615,0.9,0.9,0.876,15.8,79.8
87.0,61.3,99.0,99.0,0.1,48424.58927,0.8,0.8,0.874,15.8,79.5
86.0,6.9,99.0,98.0,0.1,4443.83131,0.8,0.8,0.871,15.8,79.5
85.0,6.6,99.0,98.0,0.1,38852.3613,0.8,0.8,0.865,15.7,79.4
89.0,6.2,97.0,97.0,0.1,36967.28292,0.8,0.8,0.861,15.7,78.9
91.0,59.8,96.0,95.0,0.1,35589.71295,0.8,0.8,0.88,18.8,78.8
95.0,59.4,96.0,95.0,0.1,3743.95693,0.8,0.8,0.878,18.6,78.3
99.0,59.0,96.0,95.0,0.1,2552.3328,0.8,0.8,0.875,18.8,78.0
1.0,58.5,96.0,95.0,0.1,23121.56635,0.8,0.8,0.873,18.2,78.0
11.0,58.1,96.0,95.0,0.1,2327.4591,0.8,0.8,0.869,18.0,77.6
251.0,24.6,73.0,77.0,1.2,915.2674586,7.2,7.1,0.466,10.3,59.5
251.0,24.1,8.0,8.0,1.3,837.9551,7.4,7.3,0.458,10.0,59.3
251.0,23.5,77.0,75.0,1.4,825.9427854,7.6,7.5,0.454,9.8,59.1
254.0,23.0,77.0,76.0,1.4,757.695974,7.8,7.6,0.451,9.5,58.7
259.0,22.5,8.0,79.0,1.6,793.45243,7.9,7.8,0.448,9.3,58.4
278.0,22.0,77.0,75.0,1.8,82.1513498,8.1,8.0,0.444,9.1,57.6
283.0,21.5,82.0,82.0,2.0,76.535419,8.3,8.2,0.438,8.9,57.1
284.0,21.0,76.0,74.0,2.0,625.8392,8.5,8.4,0.434,8.7,56.8
285.0,2.5,73.0,7.0,2.1,61.799977,8.7,8.6,0.43,8.5,56.5
285.0,2.1,74.0,72.0,2.1,583.493514,8.9,8.8,0.423,8.1,56.1
285.0,19.7,75.0,73.0,2.1,519.2922847,9.1,9.0,0.416,7.7,55.8
283.0,19.2,76.0,75.0,2.1,418.6985763,9.3,9.2,0.407,7.3,55.6
9.0,54.7,87.0,89.0,0.1,535.86555,2.4,2.4,0.735,14.2,77.0
92.0,54.2,87.0,92.0,0.1,4716.673325,2.5,2.5,0.728,13.9,76.8
92.0,53.7,89.0,88.0,0.1,55.156834,2.6,2.5,0.711,13.4,76.9
94.0,53.1,9.0,89.0,0.1,4611.47298,2.6,2.6,0.717,13.3,76.4
97.0,52.6,9.0,9.0,0.1,4697.89732,2.7,2.7,0.716,13.3,76.1
98.0,52.1,92.0,91.0,0.1,575.31664,2.8,2.7,0.71,13.1,76.0
16.0,51.5,95.0,95.0,0.1,418.292176,2.8,2.8,0.703,12.9,75.4
1.0,51.0,91.0,87.0,0.1,344.321698,2.9,2.8,0.697,12.7,75.7
12.0,5.5,95.0,93.0,0.1,2968.41186,2.9,2.9,0.0,12.5,75.0
99.0,49.9,87.0,84.0,0.1,265.642661,3.0,3.0,0.0,12.3,75.5
146.0,54.5,96.0,97.0,0.1,12216.9446,2.8,2.7,0.734,14.2,74.7
148.0,53.6,96.0,95.0,0.1,12291.46685,2.8,2.8,0.73,14.2,74.5
152.0,52.8,98.0,99.0,0.1,13167.47289,2.9,2.8,0.724,14.0,74.1
154.0,52.0,99.0,99.0,0.1,11224.1548,2.9,2.9,0.716,13.8,73.8
157.0,51.1,99.0,99.0,0.1,8553.3847,3.0,2.9,0.714,13.8,73.6
158.0,5.3,99.0,99.0,0.1,8787.61375,3.0,3.0,0.704,13.3,73.4
159.0,49.4,99.0,99.0,0.1,7313.557962,3.1,3.0,0.7,13.5,73.3
161.0,48.6,99.0,99.0,0.1,586.145975,3.1,3.1,0.698,13.8,73.0
163.0,47.8,99.0,99.0,0.1,477.182746,3.2,3.1,0.694,13.8,72.7
17.0,46.9,99.0,99.0,0.1,3623.47667,3.2,3.2,0.695,14.0,72.0
172.0,46.1,99.0,99.0,0.1,359.587582,3.3,3.3,0.699,14.8,71.8
176.0,45.3,99.0,99.0,0.1,2819.649531,3.3,3.3,0.692,14.6,71.4
179.0,44.5,99.0,98.0,0.1,3146.95177,3.4,3.4,0.685,14.3,71.0
183.0,43.7,99.0,98.0,0.1,3739.11936,3.4,3.4,0.677,14.1,75.0
14.0,64.5,95.0,95.0,0.1,7674.86559,1.9,1.9,0.781,14.4,74.1
139.0,63.9,95.0,95.0,0.1,7378.25539,1.9,1.9,0.778,14.3,73.9
144.0,63.3,95.0,95.0,0.1,7813.83499,2.0,2.0,0.775,14.2,73.7
147.0,62.7,94.0,94.0,0.1,6843.263289,2.0,2.0,0.77,13.9,73.4
152.0,62.1,94.0,94.0,0.1,6955.987733,2.0,2.1,0.768,13.8,73.2
155.0,61.5,96.0,95.0,0.1,7296.122479,2.1,2.1,0.761,13.8,72.9
157.0,6.9,95.0,95.0,0.1,5932.899677,2.1,2.2,0.755,13.5,72.6
161.0,6.3,96.0,95.0,0.1,4513.13628,2.2,2.2,0.75,13.5,72.2
16.0,59.7,97.0,96.0,0.1,3893.68998,2.2,2.3,0.745,13.5,72.1
157.0,59.1,94.0,95.0,0.1,3381.57837,2.3,2.3,0.738,13.3,72.2
155.0,58.6,96.0,96.0,0.1,271.46824,2.3,2.4,0.729,12.9,72.0
157.0,58.1,94.0,93.0,0.1,287.534843,2.4,2.4,0.723,12.9,71.8
16.0,57.5,94.0,94.0,0.1,1764.97387,2.4,2.5,0.713,12.9,71.6
163.0,57.0,94.0,93.0,0.1,169.28586,2.5,2.5,0.709,12.9,71.1
27.0,18.2,89.0,88.0,0.7,699.452847,8.4,7.9,0.392,7.5,59.0
271.0,17.7,9.0,9.0,0.8,673.8227,8.6,8.1,0.384,7.2,58.6
275.0,17.1,9.0,91.0,0.9,666.842783,8.8,8.4,0.377,6.7,58.1
279.0,16.6,9.0,91.0,1.0,575.4464527,9.0,8.6,0.365,6.3,57.5
283.0,16.1,91.0,92.0,1.1,552.7455521,9.3,8.8,0.356,5.9,56.9
288.0,15.6,92.0,93.0,1.5,569.7612784,9.5,9.1,0.345,5.4,56.1
293.0,15.1,93.0,89.0,1.7,475.11122,9.8,9.3,0.334,4.9,55.3
32.0,14.6,94.0,86.0,2.0,422.6332374,1.0,9.6,0.325,4.7,54.3
33.0,17.6,96.0,96.0,1.0,282.7555252,7.4,7.4,0.398,10.5,58.6
312.0,17.1,96.0,96.0,1.2,265.285651,7.5,7.5,0.393,10.3,58.0
321.0,16.6,95.0,96.0,1.5,26.479973,7.6,7.6,0.385,9.9,57.4
33.0,16.1,94.0,96.0,1.9,231.1943256,7.7,7.7,0.361,9.3,56.8
338.0,15.7,96.0,94.0,2.4,24.944652,7.8,7.8,0.336,8.6,56.2
35.0,15.2,89.0,92.0,2.9,196.2472628,7.9,7.9,0.319,7.9,55.3
355.0,14.8,93.0,99.0,3.4,17.79995,8.0,8.0,0.309,7.2,54.8
361.0,14.5,88.0,92.0,3.8,165.8794176,8.1,8.2,0.29,5.9,54.1
369.0,14.1,82.0,87.0,4.3,15.57434,8.2,8.3,0.286,5.6,53.4
378.0,13.8,76.0,83.0,4.8,127.4296648,8.4,8.4,0.279,5.2,52.6
183.0,18.2,66.0,83.0,0.2,128.419568,11.0,11.1,0.546,10.8,67.8
186.0,17.6,84.0,86.0,0.3,95.244132,11.0,11.2,0.54,10.7,67.4
19.0,17.0,87.0,88.0,0.3,882.491462,11.0,11.2,0.533,10.7,67.0
192.0,16.4,88.0,89.0,0.5,785.6928841,11.0,11.3,0.519,10.6,66.6
195.0,15.9,95.0,94.0,0.6,738.2326684,11.1,11.4,0.52,10.5,66.1
199.0,15.3,91.0,91.0,0.7,745.7877873,11.2,11.4,0.511,10.5,65.6
24.0,14.8,82.0,82.0,0.9,631.675789,11.3,11.5,0.495,10.3,65.0
216.0,14.3,8.0,8.0,1.1,539.8791529,11.4,11.6,0.483,10.1,64.1
364.0,27.8,88.0,89.0,4.0,1365.34419,5.8,5.8,0.501,10.4,56.4
369.0,27.2,85.0,85.0,4.6,1255.648189,5.9,5.9,0.496,10.4,55.9
371.0,26.6,8.0,82.0,4.9,1295.649726,6.0,6.0,0.486,10.0,55.6
37.0,26.0,83.0,84.0,5.5,1182.869227,6.1,6.2,0.48,9.7,55.3
373.0,25.4,79.0,8.0,6.3,123.19538,6.3,6.3,0.473,9.2,54.8
382.0,24.9,82.0,84.0,6.7,1233.524316,6.4,6.5,0.466,8.8,54.2
395.0,24.4,81.0,82.0,7.0,111.71186,6.6,6.6,0.456,8.0,53.6
394.0,23.8,78.0,81.0,7.2,12.989164,6.7,6.8,0.456,8.2,53.3
4.0,23.3,79.0,8.0,7.4,952.1872484,6.9,7.0,0.456,8.3,52.8
67.0,65.8,91.0,91.0,0.1,52413.72116,0.5,0.5,0.909,15.9,81.8
68.0,65.3,99.0,95.0,0.1,52496.69487,0.5,0.5,0.907,15.9,81.6
68.0,64.7,87.0,87.0,0.1,5282.2176,0.5,0.5,0.903,15.9,81.5
7.0,64.1,88.0,89.0,0.1,47447.4762,0.5,0.4,0.898,15.9,81.2
72.0,63.6,89.0,91.0,0.1,4773.45436,0.5,0.4,0.898,15.9,81.0
74.0,63.0,89.0,92.0,0.1,46596.33599,0.5,0.4,0.897,15.8,87.0
74.0,62.5,9.0,94.0,0.1,44544.5268,0.5,0.4,0.894,15.8,85.0
75.0,61.9,95.0,95.0,0.1,4386.69948,0.5,0.4,0.891,15.8,85.0
76.0,61.3,93.0,93.0,0.1,36189.58838,0.5,0.4,0.886,15.8,81.0
77.0,6.6,91.0,91.0,0.1,31979.87195,0.5,0.4,0.881,15.8,80.0
78.0,6.0,88.0,91.0,0.1,28172.14883,0.5,0.4,0.877,15.8,79.7
451.0,21.6,23.0,23.0,5.1,337.4849614,8.5,8.5,0.37,7.1,49.9
439.0,21.2,47.0,47.0,5.1,486.41114,8.7,8.6,0.366,7.1,53.0
443.0,2.7,47.0,47.0,5.8,494.336779,8.8,8.8,0.361,6.8,49.8
446.0,2.2,46.0,45.0,6.6,446.4434494,9.0,8.9,0.352,6.6,49.2
453.0,19.8,45.0,42.0,7.3,449.961839,9.1,9.1,0.345,6.4,48.6
366.0,18.2,46.0,39.0,3.1,986.13177,8.8,8.7,0.387,7.3,52.2
367.0,17.9,51.0,4.0,3.6,973.472574,9.0,8.9,0.381,7.3,51.8
365.0,17.5,4.0,33.0,3.9,989.2363633,9.2,9.1,0.37,6.7,51.6
364.0,17.1,43.0,39.0,4.1,896.5697341,9.4,9.3,0.36,6.7,51.2
37.0,16.7,32.0,24.0,4.4,84.455939,9.6,9.5,0.343,6.3,57.0
394.0,16.4,3.0,19.0,4.7,929.772391,9.8,9.7,0.338,6.0,49.6
84.0,62.5,9.0,91.0,0.1,15941.39722,0.8,0.8,0.831,15.6,81.0
84.0,61.8,9.0,9.0,0.1,15431.9293,0.8,0.8,0.826,15.5,79.9
86.0,61.2,93.0,94.0,0.1,1475.69242,0.8,0.8,0.82,15.4,79.8
89.0,6.6,92.0,92.0,0.1,1286.17764,0.8,0.9,0.815,15.2,79.1
91.0,59.9,94.0,94.0,0.1,1243.32824,0.8,0.9,0.816,15.3,79.3
88.0,59.3,95.0,95.0,0.1,1781.3668,0.9,0.9,0.804,15.2,79.6
9.0,58.7,95.0,96.0,0.1,1526.87746,0.9,0.9,0.797,14.8,78.9
91.0,58.1,94.0,94.0,0.1,9484.681227,0.9,0.9,0.796,14.9,78.9
145.0,56.4,91.0,91.0,0.1,83.5863,2.1,1.9,0.712,13.3,74.4
143.0,55.7,91.0,91.0,0.1,7884.984429,2.1,1.9,0.707,13.2,74.3
144.0,55.0,85.0,85.0,0.1,7227.73968,2.2,2.0,0.7,13.0,74.2
15.0,54.2,88.0,88.0,0.1,625.65544,2.2,2.0,0.695,12.8,73.6
15.0,53.5,92.0,92.0,0.1,5148.422113,2.2,2.0,0.691,12.4,73.6
146.0,52.8,92.0,92.0,0.1,5433.7245,2.3,2.0,0.683,12.2,73.5
144.0,52.0,93.0,93.0,0.1,4674.21961,2.3,2.1,0.675,11.9,73.5
147.0,51.3,94.0,93.0,0.1,379.78776,2.3,2.1,0.669,11.5,73.1
144.0,5.5,93.0,93.0,0.1,3386.256,2.4,2.1,0.658,11.1,73.1
148.0,49.8,89.0,89.0,0.1,274.249442,2.4,2.2,0.658,11.3,72.8
15.0,49.0,92.0,92.0,0.1,2246.257472,2.5,2.2,0.659,11.6,72.4
163.0,48.2,83.0,81.0,0.1,2355.725857,2.5,2.3,0.656,11.5,71.8
165.0,47.5,83.0,8.0,0.1,2395.856551,2.5,2.3,0.653,11.4,71.5
167.0,46.7,82.0,79.0,0.1,2472.197831,2.6,2.3,0.65,11.3,71.4
96.0,58.5,95.0,95.0,0.1,1569.66631,1.7,1.7,0.762,13.7,79.4
97.0,57.5,9.0,91.0,0.1,9985.36959,1.8,1.7,0.758,13.6,79.2
98.0,56.5,82.0,85.0,0.1,9186.59639,1.8,1.7,0.752,13.4,79.0
16.0,55.5,93.0,88.0,0.1,8199.414621,1.8,1.8,0.749,13.3,78.1
96.0,54.4,8.0,86.0,0.1,689.396224,1.9,1.8,0.747,13.1,79.2
99.0,53.4,89.0,9.0,0.1,6911.136136,1.9,1.8,0.74,12.9,78.9
93.0,52.4,89.0,89.0,0.1,612.623418,1.9,1.9,0.734,12.8,78.9
16.0,51.4,89.0,89.0,0.1,5245.187372,2.0,1.9,0.727,12.6,78.0
97.0,5.3,91.0,91.0,0.1,4697.11135,2.0,2.0,0.723,12.4,78.6
12.0,49.3,9.0,9.0,0.1,4425.57467,2.1,2.0,0.719,12.2,77.7
1.0,48.3,88.0,88.0,0.1,4167.71417,2.2,2.1,0.715,12.1,78.0
99.0,47.3,94.0,94.0,0.1,462.14965,2.2,2.2,0.712,11.9,78.3
1.0,46.4,92.0,91.0,0.1,3981.52847,2.3,2.2,0.708,11.7,77.5
98.0,45.4,8.0,88.0,0.1,388.363689,2.4,2.3,0.702,11.6,77.6
97.0,62.5,96.0,96.0,0.1,13574.749,1.5,1.5,0.817,14.9,77.7
14.0,61.9,96.0,96.0,0.1,13235.97757,1.5,1.5,0.815,14.6,77.1
14.0,61.3,96.0,96.0,0.1,14539.18421,1.6,1.5,0.808,14.5,77.0
16.0,6.6,97.0,97.0,0.1,1355.74586,1.6,1.6,0.803,14.2,76.6
19.0,6.0,96.0,96.0,0.1,14157.14416,1.7,1.6,0.803,14.2,76.3
116.0,59.4,96.0,96.0,0.1,15893.8656,1.7,1.7,0.8,14.3,76.0
114.0,58.7,96.0,96.0,0.1,13546.69872,1.8,1.7,0.793,14.3,75.8
157.0,56.8,82.0,83.0,0.3,627.55544,3.3,3.2,0.709,13.2,73.4
174.0,55.8,85.0,85.0,0.4,5968.876767,3.3,3.2,0.706,13.1,72.1
16.0,54.7,84.0,84.0,0.7,5759.643,3.3,3.2,0.703,13.0,73.1
166.0,53.6,85.0,88.0,0.9,5451.6696,3.3,3.3,0.697,12.9,72.7
157.0,52.6,85.0,82.0,1.2,4952.67753,3.4,3.3,0.695,12.9,73.6
161.0,51.5,86.0,82.0,1.4,511.37937,3.4,3.3,0.692,12.8,73.3
164.0,5.4,86.0,85.0,1.6,4647.31359,3.4,3.4,0.685,12.7,72.9
178.0,49.3,88.0,89.0,1.8,3836.468771,3.5,3.4,0.677,12.6,72.3
28.0,48.2,86.0,87.0,2.0,3681.5993,3.5,3.4,0.668,12.6,69.7
214.0,47.2,66.0,79.0,2.1,2421.9662,3.6,3.5,0.666,12.5,69.3
22.0,46.1,65.0,79.0,2.3,2372.628827,3.6,3.5,0.665,12.4,73.0
189.0,45.1,74.0,82.0,2.4,38.46578,3.7,3.6,0.66,12.3,71.4
188.0,44.1,71.0,72.0,2.5,2862.154836,3.8,3.6,0.656,12.3,71.2
176.0,43.1,71.0,78.0,2.5,282.4242,3.8,3.7,0.651,12.2,72.0
121.0,52.8,87.0,87.0,0.1,674.9829,1.3,1.1,0.725,13.4,76.0
127.0,52.1,85.0,87.0,0.1,572.14313,1.3,1.2,0.717,13.3,75.5
131.0,51.4,85.0,88.0,0.1,5223.351763,1.3,1.2,0.71,13.2,75.3
134.0,5.7,88.0,91.0,0.1,4657.32361,1.3,1.2,0.703,13.1,75.0
137.0,5.0,91.0,94.0,0.1,4255.56571,1.3,1.2,0.702,13.1,75.1
139.0,49.3,94.0,96.0,0.1,4274.95265,1.3,1.2,0.698,13.0,74.6
14.0,48.6,95.0,96.0,0.2,359.71886,1.4,1.3,0.696,12.9,74.7
144.0,47.9,92.0,96.0,0.3,335.786541,1.4,1.3,0.693,12.8,74.4
151.0,47.2,89.0,92.0,0.3,321.942547,1.4,1.3,0.688,12.8,74.2
148.0,46.5,9.0,88.0,0.3,278.557892,1.5,1.3,0.682,12.7,74.4
151.0,45.8,97.0,87.0,0.3,244.46898,1.5,1.4,0.679,12.6,74.4
157.0,45.1,88.0,88.0,0.3,2183.966796,1.5,1.4,0.675,12.5,73.6
158.0,44.3,9.0,89.0,0.3,193.741571,1.6,1.5,0.67,12.4,73.4
163.0,43.6,83.0,87.0,0.3,1451.29776,1.6,1.5,0.668,12.4,72.8
184.0,54.7,92.0,92.0,0.2,3895.664491,1.6,1.6,0.675,13.2,73.0
181.0,54.1,93.0,92.0,0.3,3827.786267,1.6,1.6,0.67,13.2,73.0
197.0,53.4,9.0,89.0,0.3,3736.58713,1.7,1.6,0.666,13.0,72.0
191.0,52.8,89.0,89.0,0.3,3474.392445,1.7,1.6,0.662,12.9,72.0
23.0,52.1,91.0,91.0,0.3,3366.482133,1.7,1.6,0.662,12.8,71.4
194.0,51.4,98.0,98.0,0.3,357.347674,1.8,1.7,0.659,13.4,71.7
23.0,5.8,99.0,99.0,0.3,334.83817,1.8,1.7,0.657,12.9,71.2
211.0,5.1,96.0,96.0,0.2,362.951768,1.8,1.7,0.651,12.9,75.0
213.0,49.4,89.0,89.0,0.2,2835.281237,1.9,1.8,0.644,12.7,71.0
215.0,48.6,9.0,9.0,0.3,2632.79942,1.9,1.8,0.636,12.4,70.0
29.0,47.8,93.0,94.0,0.3,2519.737387,2.0,1.9,0.628,12.0,69.9
24.0,47.0,81.0,81.0,0.4,248.4125,2.0,1.9,0.621,11.8,73.0
219.0,46.2,94.0,92.0,0.4,2338.772244,2.1,2.0,0.615,11.6,68.9
218.0,45.3,98.0,99.0,0.4,2238.4116,2.1,2.0,0.607,11.3,69.0
286.0,16.5,96.0,96.0,0.7,582.775532,8.8,8.7,0.405,5.0,62.9
298.0,16.0,9.0,9.0,0.9,482.14994,8.9,8.8,0.404,5.1,62.1
311.0,15.5,92.0,92.0,1.0,43.7544499,9.0,8.9,0.402,5.2,61.4
322.0,15.1,94.0,94.0,1.1,326.825642,9.1,9.1,0.406,5.2,67.0
329.0,14.7,91.0,91.0,1.3,317.3294336,9.2,9.2,0.405,5.3,62.0
336.0,14.3,94.0,94.0,1.4,297.828588,9.3,9.3,0.405,5.3,59.7
34.0,13.9,96.0,96.0,1.6,276.75896,9.4,9.5,0.0,5.4,59.4
342.0,13.6,98.0,98.0,1.8,287.4222243,9.6,9.6,0.0,5.0,59.1
343.0,13.3,95.0,93.0,1.9,232.7945459,9.7,9.7,0.0,4.7,58.8
343.0,13.1,92.0,9.0,1.9,21.7687981,9.9,9.9,0.0,4.4,58.5
237.0,16.8,7.0,72.0,0.9,52.1535887,1.6,1.4,0.427,8.4,63.7
241.0,16.4,7.0,69.0,1.2,468.567249,1.7,1.5,0.422,8.4,63.3
249.0,16.0,7.0,65.0,1.4,354.8463544,1.9,1.6,0.411,8.2,62.6
261.0,15.6,69.0,61.0,1.7,341.39992,11.0,1.7,0.401,8.1,61.8
274.0,15.3,65.0,58.0,2.0,379.7566385,11.1,1.8,0.393,8.1,68.0
289.0,14.9,63.0,54.0,2.4,325.3825543,11.2,1.9,0.378,7.6,59.8
39.0,14.5,61.0,5.0,2.8,243.326822,11.3,11.0,0.362,7.1,58.5
81.0,61.6,99.0,99.0,0.1,42554.1225,0.6,0.6,0.887,16.2,82.0
83.0,61.1,99.0,99.0,0.1,4838.2444,0.6,0.6,0.885,16.1,81.5
83.0,6.6,99.0,99.0,0.1,4381.288,0.6,0.6,0.882,16.1,81.7
86.0,6.1,99.0,99.0,0.1,473.34279,0.6,0.6,0.879,16.0,81.3
88.0,59.6,98.0,98.0,0.1,41631.13141,0.6,0.6,0.879,16.0,81.1
88.0,59.1,98.0,98.0,0.1,45413.6571,0.6,0.6,0.877,16.1,89.0
89.0,58.6,99.0,98.0,0.1,416.58397,0.6,0.6,0.873,16.1,89.0
92.0,58.0,99.0,99.0,0.1,36544.5853,0.6,0.6,0.87,16.1,86.0
93.0,57.5,98.0,98.0,0.1,34879.72633,0.6,0.6,0.86,15.5,81.0
94.0,57.0,99.0,98.0,0.1,33874.74255,0.6,0.6,0.857,15.5,82.0
99.0,56.4,96.0,97.0,0.1,29691.18158,0.6,0.6,0.852,15.4,79.3
11.0,55.8,97.0,97.0,0.1,24275.2426,0.7,0.6,0.851,15.5,79.2
13.0,55.2,98.0,97.0,0.1,22527.31775,0.7,0.6,0.849,15.6,79.0
13.0,54.6,98.0,97.0,0.1,22465.64184,0.7,0.6,0.844,15.7,78.8
71.0,61.4,94.0,95.0,0.1,4653.91143,1.1,1.1,0.919,16.9,86.0
71.0,6.9,94.0,95.0,0.1,4465.24891,1.1,1.1,0.916,16.9,86.0
74.0,6.4,94.0,95.0,0.1,4681.32796,1.1,1.1,0.912,16.8,85.0
76.0,59.9,94.0,95.0,0.1,41785.55691,1.1,1.1,0.907,16.7,81.0
79.0,59.5,95.0,96.0,0.1,41732.7725,1.1,1.1,0.906,16.7,80.0
8.0,59.0,95.0,96.0,0.1,45699.19832,1.1,1.1,0.903,16.6,79.9
82.0,58.5,95.0,96.0,0.1,41814.8191,1.1,1.1,0.898,16.6,79.8
84.0,58.0,94.0,96.0,0.1,36447.87232,1.1,1.1,0.892,16.5,79.6
85.0,57.6,95.0,96.0,0.1,34696.6292,1.1,1.1,0.884,16.4,79.2
86.0,57.1,96.0,96.0,0.1,34165.9343,1.1,1.1,0.877,16.4,79.1
9.0,56.6,96.0,97.0,0.1,3359.95215,1.1,1.1,0.872,16.3,78.5
91.0,56.1,97.0,93.0,0.1,2525.16445,1.2,1.1,0.867,16.3,78.4
92.0,55.6,96.0,93.0,0.1,23687.31689,1.2,1.1,0.86,16.2,78.3
95.0,55.1,94.0,9.0,0.1,23718.7467,1.2,1.2,0.855,16.2,78.0
254.0,27.3,91.0,9.0,0.9,1814.492297,6.6,6.4,0.57,11.5,61.9
257.0,26.7,91.0,92.0,0.9,1629.8222,6.7,6.6,0.563,11.2,61.6
263.0,26.1,91.0,91.0,1.3,1574.978653,6.9,6.8,0.554,10.9,61.2
267.0,25.5,94.0,94.0,1.9,1312.67557,7.1,7.0,0.547,10.5,69.0
271.0,24.9,94.0,94.0,2.1,186.76538,7.3,7.2,0.542,10.4,66.0
275.0,24.2,92.0,93.0,2.2,1224.41554,7.5,7.4,0.53,9.8,63.0
28.0,23.6,94.0,94.0,2.6,19.686718,7.7,7.6,0.519,9.1,59.9
288.0,23.0,84.0,84.0,2.9,922.9351677,7.9,7.9,0.51,8.7,59.4
296.0,22.4,85.0,84.0,3.1,498.172394,8.1,8.1,0.499,8.1,58.9
34.0,21.8,81.0,8.0,3.2,423.1936389,8.4,8.3,0.491,7.7,58.3
38.0,21.2,8.0,8.0,3.4,373.2815537,8.6,8.5,0.489,7.9,57.9
31.0,2.7,8.0,78.0,3.5,39.484473,8.8,8.8,0.484,7.6,57.6
74.0,65.4,99.0,99.0,0.1,21874.8195,0.8,0.7,0.86,17.1,86.0
76.0,64.9,99.0,99.0,0.1,22242.68193,0.8,0.7,0.858,16.8,84.0
76.0,64.3,99.0,99.0,0.1,25916.29353,0.8,0.7,0.86,16.7,85.0
76.0,63.7,99.0,99.0,0.1,26917.75898,0.8,0.7,0.859,16.4,83.0
78.0,63.1,99.0,99.0,0.1,2971.973,0.8,0.7,0.857,16.2,80.0
77.0,62.4,99.0,99.0,0.1,31997.2821,0.8,0.7,0.853,15.9,79.9
8.0,61.8,99.0,99.0,0.1,28827.32636,0.8,0.7,0.855,16.4,79.4
77.0,61.2,98.0,98.0,0.1,2481.15781,0.8,0.7,0.85,16.3,79.7
81.0,6.5,96.0,96.0,0.1,22551.73574,0.8,0.7,0.839,15.6,79.3
81.0,59.9,95.0,95.0,0.1,21955.149,0.8,0.8,0.83,15.3,79.2
81.0,59.2,93.0,94.0,0.1,18477.57841,0.8,0.8,0.823,15.2,79.1
81.0,58.6,92.0,92.0,0.1,1411.31339,0.8,0.8,0.811,14.6,79.0
83.0,58.0,9.0,91.0,0.1,12538.17883,0.9,0.8,0.801,14.2,78.7
84.0,57.4,89.0,89.0,0.1,1242.95373,0.9,0.8,0.794,13.9,78.2
189.0,49.3,84.0,85.0,0.4,3452.828934,1.2,1.2,0.611,10.7,71.4
189.0,48.6,94.0,96.0,0.4,3299.65139,1.2,1.2,0.616,10.6,71.3
193.0,47.9,88.0,88.0,0.4,3187.845296,1.2,1.2,0.609,10.5,71.1
196.0,47.2,94.0,94.0,0.4,2825.5247,1.3,1.3,0.602,10.5,77.0
198.0,46.5,92.0,92.0,0.4,2635.753474,1.3,1.3,0.596,10.4,76.0
19.0,45.9,96.0,95.0,0.4,2794.22189,1.3,1.3,0.589,10.4,79.0
192.0,45.2,85.0,85.0,0.4,2489.955836,1.3,1.3,0.578,10.1,75.0
24.0,44.5,9.0,89.0,0.4,2256.56724,1.4,1.4,0.57,9.8,69.7
28.0,43.8,87.0,87.0,0.4,277.83438,1.4,1.4,0.567,9.6,69.2
284.0,22.2,63.0,63.0,1.0,54.169324,7.7,7.6,0.406,8.5,58.8
288.0,21.7,63.0,62.0,1.9,52.3485646,7.8,7.8,0.396,8.5,58.4
29.0,21.2,63.0,63.0,2.0,459.2912,8.0,8.0,0.385,8.4,58.1
291.0,2.8,62.0,64.0,2.2,438.7513346,8.2,8.2,0.38,8.3,57.8
297.0,2.3,6.0,57.0,2.3,436.6895539,8.4,8.4,0.376,8.1,57.3
33.0,19.8,59.0,6.0,2.3,437.4467238,8.6,8.6,0.371,7.9,56.8
36.0,19.4,46.0,63.0,2.4,49.456775,8.9,8.8,0.364,7.6,56.4
15.0,49.3,97.0,97.0,0.4,2136.77395,2.2,2.1,0.614,11.6,74.3
151.0,48.4,97.0,97.0,0.4,2178.38325,2.2,2.1,0.614,11.6,74.1
153.0,47.6,97.0,97.0,0.4,212.584798,2.2,2.2,0.611,11.7,73.9
156.0,46.8,97.0,97.0,0.4,1932.85829,2.3,2.2,0.606,11.5,73.6
157.0,45.9,97.0,97.0,0.5,1815.489496,2.3,2.2,0.603,11.3,73.4
159.0,45.1,93.0,93.0,0.6,1751.595857,2.3,2.3,0.597,11.1,73.2
16.0,44.3,94.0,94.0,0.7,1592.572182,2.4,2.3,0.59,10.9,73.0
161.0,43.5,94.0,95.0,0.8,1437.628785,2.4,2.4,0.583,10.8,72.8
163.0,42.8,98.0,98.0,0.9,1311.741714,2.5,2.4,0.577,10.6,72.5
165.0,42.0,94.0,94.0,1.2,1217.657961,2.6,2.5,0.571,10.4,72.2
166.0,41.2,92.0,92.0,1.4,1157.3427,2.6,2.5,0.566,10.3,71.9
169.0,4.4,95.0,95.0,1.5,1132.8721,2.7,2.6,0.561,10.1,71.6
171.0,39.6,99.0,96.0,1.6,113.4546,2.7,2.7,0.557,9.9,71.3
174.0,38.8,88.0,94.0,1.7,188.783165,2.8,2.7,0.551,9.8,71.0
187.0,17.5,82.0,83.0,0.2,1452.195373,26.8,27.5,0.599,11.5,67.6
19.0,17.0,79.0,82.0,0.2,1446.98541,26.9,27.6,0.59,11.3,67.3
193.0,16.4,79.0,82.0,0.2,1461.671957,26.9,27.7,0.58,10.8,66.8
196.0,15.9,76.0,79.0,0.2,1345.77153,27.0,27.8,0.569,10.4,66.4
2.0,15.4,73.0,74.0,0.2,19.317765,27.0,27.8,0.563,10.5,66.0
23.0,14.9,69.0,7.0,0.3,991.484634,27.0,27.9,0.556,10.2,65.5
26.0,14.4,67.0,64.0,0.3,118.166373,27.1,28.0,0.546,9.9,65.2
28.0,13.9,66.0,65.0,0.3,792.259698,27.1,28.0,0.536,9.7,64.8
211.0,13.5,65.0,65.0,0.3,77.819,27.2,28.1,0.526,9.4,64.4
214.0,13.0,58.0,63.0,0.3,621.3183767,27.2,28.2,0.518,9.2,64.0
181.0,25.6,86.0,85.0,0.3,362.663981,1.5,1.3,0.677,12.9,68.7
183.0,24.7,84.0,83.0,0.3,3687.953996,1.5,1.4,0.669,12.6,68.5
185.0,23.8,81.0,81.0,0.3,3634.27685,1.6,1.5,0.662,12.3,68.3
187.0,22.9,82.0,81.0,0.3,3113.48635,1.6,1.5,0.656,12.1,68.1
189.0,22.1,85.0,78.0,0.3,2254.44566,1.7,1.6,0.645,11.7,67.9
189.0,21.3,83.0,77.0,0.2,216.52766,1.7,1.7,0.641,11.7,67.7
19.0,2.5,77.0,73.0,0.2,1855.93915,1.8,1.7,0.638,11.0,67.5
191.0,19.7,78.0,72.0,0.1,1586.254,1.8,1.8,0.632,10.9,67.3
19.0,19.0,79.0,72.0,0.1,126.928834,1.9,1.9,0.629,11.1,67.2
213.0,18.2,79.0,71.0,0.1,1148.56996,1.9,1.9,0.624,11.0,65.3
189.0,17.5,8.0,71.0,0.1,164.59447,1.9,11.0,0.613,10.8,66.9
189.0,16.7,8.0,7.0,0.1,899.5556857,11.0,11.1,0.608,10.6,66.7
188.0,16.0,77.0,76.0,0.1,747.9817455,11.0,11.1,0.604,10.6,66.5
188.0,15.4,72.0,75.0,0.1,78.92744,11.0,11.2,0.597,10.7,66.3
17.0,57.8,7.0,68.0,0.1,6925.22446,5.3,5.1,0.659,10.3,69.5
147.0,57.2,7.0,69.0,0.1,6651.12242,5.3,5.1,0.656,10.5,76.0
144.0,56.5,8.0,79.0,0.1,5854.614497,5.3,5.1,0.649,10.4,77.0
145.0,55.8,74.0,74.0,0.1,452.74948,5.3,5.1,0.646,10.4,76.0
148.0,55.2,78.0,78.0,0.1,3735.144836,5.4,5.1,0.643,10.3,74.0
167.0,54.5,71.0,69.0,0.1,4521.3247,5.4,5.1,0.638,10.3,69.3
227.0,53.8,74.0,57.0,0.1,3129.224922,5.4,5.1,0.636,10.2,65.9
249.0,53.2,63.0,59.0,0.1,2351.812429,5.4,5.1,0.631,10.2,64.7
29.0,52.5,69.0,65.0,0.1,1849.63911,5.4,5.2,0.628,10.1,66.8
21.0,51.9,69.0,74.0,0.1,1391.816923,5.4,5.2,0.603,9.8,67.2
67.0,61.3,96.0,96.0,0.1,5234.76736,0.3,0.2,0.902,18.6,81.0
69.0,6.5,95.0,95.0,0.1,49231.36254,0.3,0.2,0.895,18.5,85.0
7.0,59.7,95.0,95.0,0.1,52567.52568,0.3,0.2,0.909,18.5,84.0
68.0,58.9,94.0,94.0,0.1,48538.58776,0.3,0.2,0.907,18.2,86.0
58.0,62.6,96.0,96.0,0.1,3537.27441,0.5,0.6,0.876,16.5,82.3
6.0,62.1,96.0,97.0,0.1,34814.12436,0.5,0.6,0.877,16.6,82.0
6.0,61.5,96.0,96.0,0.1,38334.68477,0.5,0.5,0.872,16.4,82.0
6.0,61.0,96.0,96.0,0.1,35849.37364,0.5,0.5,0.869,16.4,81.8
61.0,6.5,96.0,96.0,0.1,36976.84512,0.5,0.5,0.868,16.3,81.6
61.0,59.9,96.0,96.0,0.1,464.18465,0.5,0.5,0.866,16.3,81.5
63.0,59.4,97.0,97.0,0.1,37698.78573,0.5,0.5,0.862,16.1,81.3
65.0,58.8,97.0,96.0,0.1,3341.7482,0.5,0.5,0.856,16.0,81.2
66.0,58.2,97.0,95.0,0.1,31959.26215,0.5,0.5,0.851,15.8,88.0
66.0,57.6,97.0,94.0,0.1,31174.56118,0.5,0.5,0.846,15.6,89.0
72.0,57.0,97.0,96.0,0.1,27387.2258,0.5,0.5,0.841,15.4,79.9
72.0,56.4,96.0,93.0,0.1,22196.5736,0.5,0.5,0.836,15.2,80.0
75.0,55.7,96.0,93.0,0.1,24.819,0.5,0.5,0.828,14.9,79.8
77.0,55.0,97.0,87.0,0.1,251.2426,0.5,0.5,0.823,14.8,79.4
136.0,52.7,86.0,93.0,0.6,56.144952,1.8,1.7,0.727,12.8,75.6
138.0,52.0,96.0,96.0,0.5,521.33363,1.8,1.7,0.725,12.8,75.3
139.0,51.2,93.0,92.0,0.6,513.549487,1.8,1.7,0.722,12.8,75.2
138.0,5.5,94.0,94.0,0.5,4682.728424,1.8,1.7,0.721,12.7,75.0
142.0,49.7,9.0,9.0,0.6,4293.383274,1.9,1.7,0.721,12.7,74.7
145.0,48.9,91.0,91.0,0.4,492.492378,1.9,1.7,0.718,12.6,74.5
148.0,48.1,94.0,92.0,0.9,462.517913,1.9,1.7,0.714,12.5,74.2
15.0,47.2,99.0,95.0,1.5,4313.1682,1.9,1.7,0.709,12.5,74.0
161.0,46.3,99.0,99.0,1.9,482.24762,1.9,1.7,0.706,12.4,73.5
165.0,45.4,97.0,98.0,2.3,3719.97351,1.9,1.8,0.689,11.1,73.3
166.0,44.5,99.0,96.0,2.3,3465.221998,1.9,1.8,0.694,11.9,73.1
114.0,64.0,98.0,98.0,0.1,3992.86717,3.9,3.9,0.737,13.1,73.9
115.0,63.2,98.0,98.0,0.1,387.753211,3.9,3.9,0.735,12.9,73.7
116.0,62.4,98.0,98.0,0.1,387.324145,3.8,3.9,0.737,13.1,73.6
117.0,61.7,98.0,98.0,0.1,3679.19275,3.8,3.8,0.739,13.2,73.4
118.0,6.9,98.0,98.0,0.1,3492.1396,3.8,3.8,0.742,13.6,73.3
119.0,6.1,98.0,97.0,0.1,3385.69665,3.8,3.8,0.739,13.6,73.1
12.0,59.3,98.0,98.0,0.1,2762.86354,3.8,3.8,0.736,13.6,73.0
121.0,58.6,98.0,98.0,0.1,2537.349,3.9,3.8,0.733,13.7,72.8
127.0,57.8,95.0,95.0,0.1,223.83787,3.9,3.8,0.73,13.8,72.4
125.0,57.0,95.0,95.0,0.1,261.456882,3.9,3.8,0.723,13.5,72.5
127.0,56.3,97.0,97.0,0.1,1889.213962,3.9,3.9,0.717,13.2,72.3
129.0,55.5,95.0,95.0,0.1,1812.288374,3.9,3.9,0.712,13.0,72.1
131.0,54.8,97.0,99.0,0.1,1728.2659,4.0,3.9,0.706,12.7,71.9
133.0,54.0,94.0,91.0,0.1,1657.889256,4.0,4.0,0.7,12.6,71.7
28.0,51.4,98.0,98.0,0.1,1389.8561,2.4,2.5,0.782,15.0,69.5
214.0,5.6,98.0,99.0,0.1,12387.18982,2.4,2.5,0.774,14.7,69.1
224.0,49.9,99.0,99.0,0.1,11634.42422,2.3,2.5,0.766,14.4,68.5
236.0,49.2,98.0,99.0,0.1,97.649972,2.3,2.5,0.763,14.5,67.8
235.0,48.5,99.0,98.0,0.1,7165.2775,2.3,2.5,0.758,14.6,67.8
258.0,47.9,99.0,99.0,0.1,8513.564645,2.4,2.5,0.758,14.6,66.6
288.0,47.3,94.0,93.0,0.1,6771.414797,2.4,2.5,0.754,14.7,65.3
295.0,46.8,99.0,99.0,0.1,5291.57565,2.4,2.5,0.747,14.3,65.0
294.0,46.3,99.0,98.0,0.1,3771.278957,2.4,2.5,0.737,13.9,64.6
287.0,45.8,99.0,82.0,0.1,2874.288291,2.5,2.6,0.725,13.5,64.7
282.0,45.3,99.0,99.0,0.1,268.123657,2.5,2.6,0.714,13.1,64.4
276.0,44.8,95.0,95.0,0.1,1658.31146,2.6,2.6,0.7,12.7,64.7
284.0,44.4,95.0,95.0,0.1,149.926751,2.6,2.7,0.685,12.3,64.4
292.0,43.9,96.0,97.0,0.1,1229.958,2.7,2.7,0.676,12.1,63.9
258.0,2.7,94.0,87.0,3.0,1229.114798,7.9,7.7,0.541,11.1,62.6
263.0,2.1,94.0,94.0,3.0,1155.2582,8.0,7.8,0.536,11.1,62.1
278.0,19.5,97.0,96.0,3.4,987.4453967,8.1,7.9,0.53,11.1,61.2
294.0,18.9,9.0,9.0,4.3,967.34773,8.2,8.0,0.523,11.1,63.0
317.0,18.4,89.0,88.0,5.0,92.816252,8.2,8.1,0.514,10.7,59.1
339.0,17.9,88.0,88.0,6.4,916.8992515,8.3,8.2,0.506,10.4,57.9
356.0,17.3,76.0,81.0,9.1,839.181117,8.4,8.3,0.494,10.1,56.8
388.0,16.9,77.0,8.0,10.3,697.66385,8.5,8.4,0.483,9.7,55.3
412.0,16.4,7.0,76.0,11.6,519.7999346,8.6,8.5,0.474,9.6,54.1
432.0,15.9,73.0,73.0,13.2,458.8843551,8.7,8.6,0.461,8.9,53.0
437.0,15.5,75.0,73.0,14.5,436.6875357,8.8,8.8,0.45,8.2,52.4
437.0,15.1,83.0,84.0,15.7,395.8493511,8.9,8.9,0.451,8.5,52.1
97.0,64.9,75.0,81.0,0.1,846.285153,4.8,4.8,0.766,13.3,74.9
93.0,64.4,75.0,81.0,0.1,8787.94668,4.8,4.8,0.763,13.3,75.0
93.0,64.0,75.0,81.0,0.1,8734.9653,4.7,4.7,0.758,13.2,75.0
94.0,63.5,75.0,81.0,0.1,8763.826274,4.7,4.7,0.752,13.3,74.9
95.0,63.0,75.0,81.0,0.1,84.268878,4.7,4.7,0.746,13.2,74.7
98.0,62.5,75.0,81.0,0.1,712.775759,4.7,4.7,0.74,13.1,74.5
98.0,61.9,75.0,8.0,0.1,614.271115,4.7,4.6,0.731,12.9,74.4
1.0,61.4,75.0,78.0,0.1,5372.65899,4.7,4.6,0.733,13.2,74.1
11.0,6.8,74.0,77.0,0.1,5339.441291,4.7,4.6,0.0,13.7,73.9
13.0,6.2,74.0,75.0,0.1,5424.22356,4.7,4.6,0.0,14.2,73.7
15.0,59.7,74.0,74.0,0.1,5425.6697,4.8,4.7,0.0,14.8,73.5
17.0,59.1,77.0,77.0,0.1,5436.595223,4.8,4.7,0.0,15.2,73.2
11.0,58.6,8.0,8.0,0.1,5253.122599,4.9,4.7,0.0,15.0,73.0
112.0,57.9,83.0,83.0,0.1,5334.93329,4.9,4.8,0.0,14.9,72.7
258.0,26.1,75.0,76.0,1.1,454.1222236,6.8,6.7,0.419,9.8,61.1
261.0,25.6,8.0,8.0,1.2,415.361958,7.0,6.9,0.416,9.6,67.0
266.0,25.0,77.0,77.0,1.5,379.689583,7.2,7.0,0.406,9.5,62.0
272.0,24.5,71.0,7.0,1.8,327.42597,7.4,7.2,0.403,9.6,59.7
277.0,24.0,84.0,81.0,2.1,33.667491,7.6,7.4,0.4,9.7,59.2
281.0,23.4,79.0,75.0,2.4,232.61732,7.7,7.6,0.394,9.8,58.6
178.0,61.4,93.0,93.0,0.1,15712.82376,2.7,2.7,0.834,16.4,73.0
176.0,6.9,93.0,93.0,0.1,14341.836,2.7,2.7,0.83,16.5,73.0
18.0,6.5,92.0,92.0,0.1,14357.73679,2.7,2.8,0.826,16.7,72.8
188.0,6.0,95.0,95.0,0.1,11984.86857,2.8,2.8,0.824,16.8,72.4
192.0,59.7,98.0,98.0,0.1,11837.3913,2.8,2.9,0.825,16.6,72.2
224.0,59.3,96.0,96.0,0.1,14961.56818,2.9,2.9,0.82,16.5,71.1
24.0,59.0,95.0,95.0,0.1,12297.91535,2.9,3.0,0.812,16.4,72.0
229.0,58.7,94.0,94.0,0.1,924.642548,3.0,3.0,0.807,16.4,76.0
222.0,58.4,93.0,94.0,0.1,7863.1629,3.0,3.1,0.798,16.2,78.0
24.0,58.1,9.0,94.0,0.1,676.966998,3.1,3.1,0.792,16.3,71.6
22.0,57.8,91.0,94.0,0.1,555.535669,3.2,3.2,0.78,15.8,71.6
22.0,57.5,97.0,95.0,0.1,4146.987928,3.3,3.3,0.77,15.3,71.4
21.0,57.2,97.0,95.0,0.1,353.147337,3.3,3.3,0.757,14.7,71.2
2.0,56.9,92.0,94.0,0.1,3297.35471,3.4,3.4,0.745,14.0,71.6
23.0,19.5,73.0,74.0,0.4,461.723722,7.3,7.2,0.508,10.3,64.7
235.0,19.0,71.0,7.0,0.4,443.9611,7.4,7.3,0.506,10.2,64.3
241.0,18.5,73.0,73.0,0.4,454.963464,7.5,7.4,0.504,10.2,63.8
248.0,18.0,7.0,7.0,0.5,412.739341,7.6,7.5,0.503,10.2,63.3
254.0,17.6,76.0,77.0,0.5,415.6893226,7.7,7.6,0.5,9.7,62.8
259.0,17.1,77.0,77.0,0.5,47.733254,7.8,7.7,0.491,9.4,62.3
261.0,16.7,83.0,84.0,0.6,377.8482928,7.9,7.8,0.483,9.1,61.9
263.0,16.3,83.0,85.0,0.6,292.157443,8.0,7.9,0.478,9.0,61.4
265.0,15.8,8.0,85.0,0.6,274.819723,8.1,8.0,0.473,8.9,69.0
267.0,15.4,74.0,78.0,0.6,245.1235876,8.2,8.1,0.466,8.7,64.0
268.0,15.0,65.0,66.0,0.7,316.7998965,8.3,8.3,0.457,8.5,59.9
271.0,14.7,61.0,62.0,0.7,262.2859481,8.5,8.4,0.462,8.3,59.3
394.0,18.8,89.0,89.0,6.3,332.922339,6.5,6.4,0.459,10.7,56.7
42.0,18.4,95.0,96.0,8.3,374.51882,6.6,6.5,0.454,10.7,55.3
441.0,18.0,97.0,97.0,11.2,512.125451,6.7,6.6,0.444,10.6,54.1
462.0,17.6,86.0,93.0,13.7,458.8681744,6.8,6.7,0.43,10.2,52.9
491.0,17.3,93.0,93.0,14.9,42.7379657,6.9,6.8,0.415,9.9,51.5
525.0,16.9,92.0,91.0,16.9,372.842678,7.0,6.9,0.4,9.6,50.0
559.0,16.6,88.0,87.0,19.3,32.2227274,7.1,7.0,0.387,9.7,48.5
587.0,16.2,99.0,99.0,21.1,297.6971211,7.3,7.1,0.377,9.6,47.1
66.0,15.9,94.0,93.0,22.4,28.3673842,7.4,7.2,0.371,9.7,46.0
615.0,15.5,94.0,89.0,23.4,274.2256294,7.5,7.4,0.366,10.0,45.1
613.0,15.2,85.0,84.0,24.2,26.152517,7.6,7.5,0.362,10.3,44.6
67.0,14.8,79.0,64.0,24.7,29.9798977,7.7,7.6,0.388,10.4,44.0
128.0,38.5,97.0,97.0,0.1,1882.27842,7.8,7.6,0.779,12.9,74.6
129.0,37.4,97.0,97.0,0.1,1779.49641,7.9,7.7,0.776,12.9,74.5
13.0,36.3,96.0,96.0,0.1,145.1262,8.0,7.8,0.774,13.0,74.3
131.0,35.3,96.0,96.0,0.1,971.356987,8.2,8.0,0.764,12.8,74.1
131.0,34.4,97.0,97.0,0.1,7326.744435,8.3,8.2,0.756,12.6,74.0
132.0,33.4,97.0,97.0,0.1,8513.629541,8.5,8.3,0.747,12.5,73.8
133.0,32.5,97.0,97.0,0.1,7269.17114,8.7,8.5,0.736,12.3,73.7
134.0,31.6,95.0,95.0,0.1,6222.982955,8.8,8.6,0.732,12.7,73.6
135.0,3.7,96.0,96.0,0.1,5593.822995,9.0,8.8,0.734,12.9,73.4
137.0,29.8,95.0,95.0,0.1,4955.477743,9.2,8.9,0.731,12.7,73.2
138.0,28.8,96.0,96.0,0.1,4463.675893,9.3,9.1,0.724,12.1,73.1
14.0,27.9,94.0,94.0,0.1,4167.364387,9.5,9.3,0.723,12.0,72.9
144.0,27.0,95.0,96.0,0.1,3915.11546,9.7,9.4,0.725,11.9,72.7
149.0,26.0,98.0,98.0,0.1,445.17471,9.8,9.6,0.715,11.6,72.4
275.0,22.5,7.0,69.0,1.6,777.659139,8.1,7.9,0.421,8.0,57.3
27.0,21.9,72.0,66.0,1.5,777.3476868,8.3,8.1,0.411,7.7,57.2
271.0,21.3,72.0,66.0,1.5,835.88998,8.5,8.3,0.404,7.5,56.8
273.0,2.7,77.0,73.0,1.5,78.377632,8.8,8.5,0.396,7.3,56.5
276.0,2.2,77.0,73.0,1.6,697.153124,9.0,8.8,0.385,7.1,56.0
278.0,19.6,74.0,74.0,1.6,689.6784228,9.2,9.0,0.36,5.8,55.5
282.0,19.0,76.0,74.0,1.7,595.6368319,9.4,9.3,0.363,6.4,55.0
288.0,18.5,79.0,78.0,1.8,521.6425796,9.7,9.5,0.35,6.1,54.3
29.0,18.0,78.0,77.0,1.9,487.942556,9.9,9.7,0.338,5.8,53.6
296.0,17.5,7.0,69.0,2.0,439.3572924,1.1,1.0,0.333,5.5,52.8
299.0,17.0,67.0,63.0,2.2,391.791281,1.3,1.2,0.318,5.2,52.0
28.0,29.4,8.0,8.0,1.1,145.57838,8.1,7.9,0.501,8.2,62.7
29.0,28.8,8.0,8.0,1.2,1364.283745,8.3,8.1,0.491,7.8,62.5
212.0,28.1,73.0,75.0,1.2,1393.261593,8.5,8.3,0.487,7.7,62.2
214.0,27.4,52.0,64.0,1.2,123.383675,8.7,8.5,0.484,7.6,62.0
215.0,26.8,63.0,64.0,1.2,146.83851,8.9,8.7,0.476,7.1,61.7
217.0,26.1,73.0,74.0,1.3,1167.535689,9.2,8.9,0.475,7.2,61.4
219.0,25.5,75.0,75.0,1.3,113.3128,9.4,9.1,0.475,7.4,61.2
221.0,24.8,68.0,68.0,1.3,944.134851,9.6,9.4,0.466,7.2,69.0
223.0,24.2,71.0,71.0,1.3,697.7451989,9.8,9.6,0.461,7.2,66.0
12.0,62.1,83.0,83.0,0.1,1298.86766,1.6,1.5,0.753,12.9,76.6
123.0,61.5,99.0,99.0,0.1,982.532572,1.6,1.5,0.748,12.7,76.3
124.0,6.8,97.0,97.0,0.1,9834.472689,1.6,1.6,0.745,12.6,76.1
127.0,6.1,95.0,95.0,0.1,8959.581416,1.6,1.6,0.739,12.5,75.6
13.0,59.4,95.0,95.0,0.1,7748.12331,1.7,1.6,0.738,12.5,75.7
127.0,58.7,96.0,96.0,0.1,9689.52887,1.7,1.6,0.735,12.3,75.6
123.0,57.9,98.0,98.0,0.1,933.341687,1.7,1.7,0.731,12.3,76.0
125.0,57.2,98.0,98.0,0.1,8767.92258,1.8,1.7,0.723,12.2,75.8
126.0,56.4,98.0,98.0,0.1,7986.798439,1.8,1.7,0.719,12.2,75.3
124.0,55.7,98.0,98.0,0.1,7199.59665,1.8,1.8,0.714,12.1,75.4
127.0,54.9,98.0,98.0,0.1,6751.998987,1.9,1.8,0.708,11.9,75.0
127.0,54.1,98.0,97.0,0.1,716.8219,1.9,1.8,0.703,11.6,75.0
126.0,53.2,97.0,97.0,0.1,731.378864,1.9,1.9,0.7,11.6,75.0
129.0,52.4,97.0,97.0,0.1,672.92113,2.0,1.9,0.694,11.4,74.8
227.0,5.4,98.0,98.0,0.1,4385.379355,2.2,2.3,0.72,14.7,68.1
231.0,49.2,99.0,99.0,0.1,4368.82248,2.2,2.3,0.712,14.7,67.8
235.0,48.0,99.0,99.0,0.1,3769.595255,2.2,2.3,0.701,14.6,67.3
25.0,46.9,96.0,96.0,0.1,265.353659,2.2,2.3,0.693,14.3,66.3
235.0,45.9,96.0,95.0,0.1,1717.898761,2.2,2.3,0.686,13.8,66.9
225.0,44.9,95.0,96.0,0.1,2139.625631,2.2,2.3,0.673,13.4,67.4
26.0,43.9,99.0,95.0,0.1,1634.81431,2.2,2.4,0.661,13.0,65.9
271.0,43.0,98.0,99.0,0.1,1334.651896,2.2,2.4,0.649,12.7,65.0
274.0,42.1,99.0,99.0,0.1,998.8226671,2.3,2.4,0.637,11.8,64.5
284.0,41.3,99.0,99.0,0.1,797.8377432,2.3,2.4,0.621,11.2,64.0
271.0,4.5,98.0,98.0,0.1,646.561295,2.4,2.5,0.609,10.5,64.0
263.0,39.8,98.0,98.0,0.1,571.51883,2.4,2.5,0.599,10.1,63.8
266.0,39.1,95.0,95.0,0.1,524.145924,2.5,2.6,0.588,9.4,63.2
274.0,38.5,94.0,94.0,0.1,474.2133361,2.6,2.6,0.582,8.9,62.8
97.0,56.5,99.0,99.0,0.1,3111.762887,6.4,6.2,0.634,12.1,73.9
99.0,55.5,99.0,99.0,0.1,294.746728,6.3,6.2,0.623,11.6,73.6
14.0,54.6,98.0,99.0,0.1,339.91616,6.3,6.2,0.612,11.2,73.3
11.0,53.6,99.0,99.0,0.1,2834.2472,6.3,6.2,0.603,10.7,72.8
116.0,52.7,99.0,99.0,0.1,2861.5545,6.4,6.2,0.596,10.5,72.3
123.0,51.7,99.0,99.0,0.1,2884.94776,6.4,6.3,0.589,10.3,71.8
128.0,5.8,95.0,95.0,0.1,2494.353552,6.4,6.3,0.581,10.0,71.4
133.0,49.9,97.0,97.0,0.1,2191.478567,6.4,6.3,0.575,10.0,71.0
137.0,49.1,98.0,98.0,0.1,213.755559,6.5,6.3,0.569,9.8,77.0
142.0,48.2,97.0,97.0,0.1,1948.812275,6.5,6.4,0.561,9.6,72.0
146.0,47.3,91.0,91.0,0.1,1721.973863,6.6,6.4,0.551,9.3,69.9
15.0,46.5,94.0,94.0,0.1,1413.757176,6.6,6.5,0.54,8.8,69.5
155.0,45.7,93.0,96.0,0.1,1336.775376,6.7,6.5,0.53,8.5,69.0
16.0,44.8,95.0,95.0,0.1,1332.382358,6.7,6.6,0.519,8.0,68.6
46.0,21.8,78.0,78.0,5.1,65.985681,3.6,3.5,0.405,9.1,55.3
48.0,21.3,73.0,76.0,6.9,566.513873,3.6,3.5,0.4,9.2,54.8
47.0,2.9,73.0,76.0,9.6,526.5313517,3.7,3.6,0.397,9.5,54.3
47.0,2.5,73.0,74.0,10.8,419.2258149,3.7,3.6,0.39,9.3,54.0
4.0,2.1,74.0,74.0,11.3,463.852618,3.7,3.6,0.382,9.2,53.8
45.0,19.7,74.0,75.0,12.6,53.127719,3.7,3.7,0.372,8.8,53.2
425.0,19.3,75.0,75.0,14.1,422.1461573,3.8,3.7,0.36,8.2,52.1
434.0,18.9,73.0,78.0,16.3,385.7567141,3.8,3.7,0.353,7.9,51.2
434.0,18.5,71.0,8.0,16.2,369.1545359,3.9,3.8,0.341,7.3,58.0
429.0,18.1,69.0,83.0,15.9,336.3318145,3.9,3.8,0.332,7.0,54.0
424.0,17.7,67.0,85.0,15.3,283.8911588,4.0,3.9,0.318,6.7,51.0
416.0,17.3,76.0,76.0,14.5,262.884551,4.0,4.0,0.311,6.2,49.8
48.0,16.9,72.0,73.0,13.4,256.4414872,4.1,4.0,0.298,5.8,49.5
22.0,22.1,76.0,75.0,0.4,1168.83947,12.9,13.2,0.54,9.1,66.2
25.0,21.3,87.0,84.0,0.5,1171.58257,13.0,13.2,0.533,9.1,65.9
27.0,2.5,9.0,84.0,0.5,1186.423937,13.0,13.3,0.526,9.1,65.6
29.0,19.8,9.0,9.0,0.5,987.7365832,13.1,13.3,0.515,8.8,65.4
211.0,19.1,9.0,9.0,0.6,741.777116,13.1,13.4,0.504,8.5,65.2
296.0,18.3,85.0,85.0,0.6,643.951373,13.2,13.4,0.493,8.2,59.2
217.0,17.6,84.0,86.0,0.6,41.451,13.2,13.5,0.484,8.1,64.5
22.0,17.0,82.0,82.0,0.6,296.97284,13.2,13.5,0.474,8.0,64.2
224.0,16.4,86.0,73.0,0.5,247.24276,13.2,13.6,0.465,7.9,63.9
228.0,15.7,92.0,82.0,0.5,219.8156688,13.3,13.6,0.455,7.8,63.5
231.0,15.2,86.0,78.0,0.5,219.782326,13.3,13.6,0.445,7.7,63.2
162.0,18.0,92.0,92.0,0.1,688.6172788,16.1,16.5,0.545,12.3,69.3
167.0,17.4,9.0,9.0,0.2,681.7925868,16.3,16.7,0.538,12.3,68.9
172.0,16.9,92.0,92.0,0.2,692.1166842,16.5,16.9,0.529,12.0,68.4
178.0,16.4,83.0,82.0,0.2,592.1835216,16.7,17.2,0.515,11.1,68.0
183.0,15.9,93.0,89.0,0.2,48.7299,16.9,17.4,0.502,10.5,67.5
189.0,15.4,82.0,82.0,0.2,473.844449,17.0,17.6,0.492,10.1,67.0
194.0,14.9,82.0,82.0,0.2,393.8843518,17.2,17.8,0.486,10.0,66.6
21.0,14.4,91.0,89.0,0.2,348.6314534,17.4,18.0,0.476,9.6,66.0
28.0,13.9,78.0,75.0,0.2,317.89198,17.6,18.2,0.469,9.4,65.4
218.0,13.4,8.0,8.0,0.2,287.4156,17.8,18.4,0.463,9.3,64.7
22.0,12.9,76.0,78.0,0.1,253.72412,18.0,18.6,0.457,9.2,64.3
6.0,61.0,97.0,97.0,0.1,51574.48942,1.0,0.9,0.922,18.1,81.4
62.0,6.5,97.0,97.0,0.1,49474.7561,1.0,0.9,0.921,18.1,81.1
63.0,59.9,97.0,97.0,0.1,5354.6536,1.0,0.9,0.911,17.2,81.1
157.0,52.4,99.0,98.0,0.1,1847.19849,1.8,1.7,0.63,11.5,73.9
157.0,51.7,99.0,98.0,0.1,1792.3845,1.8,1.7,0.625,11.5,73.9
147.0,5.9,99.0,98.0,0.1,1682.957924,1.8,1.8,0.62,11.5,74.5
154.0,5.2,99.0,98.0,0.1,1526.497938,1.9,1.8,0.614,11.4,73.2
163.0,49.4,99.0,98.0,0.2,1464.497754,1.9,1.8,0.613,11.3,73.2
169.0,48.6,97.0,97.0,0.2,1518.85386,1.9,1.8,0.607,11.1,72.5
173.0,47.9,93.0,93.0,0.2,1344.31871,2.0,1.9,0.601,11.0,72.5
17.0,47.1,88.0,88.0,0.3,124.992617,2.0,1.9,0.597,11.0,73.0
194.0,46.4,87.0,86.0,0.3,1175.116225,2.0,1.9,0.592,11.0,71.2
194.0,45.7,8.0,79.0,0.3,191.55157,2.1,2.0,0.587,11.0,71.0
198.0,44.9,86.0,86.0,0.3,115.565314,2.1,2.0,0.583,11.0,76.0
197.0,44.2,85.0,85.0,0.4,11.147277,2.2,2.1,0.577,10.7,75.0
193.0,43.5,89.0,87.0,0.4,143.6758,2.2,2.1,0.57,10.4,73.0
192.0,42.8,85.0,83.0,0.4,116.2743,2.2,2.1,0.562,10.1,73.0
227.0,18.5,56.0,67.0,0.6,416.14838,1.0,9.9,0.341,5.3,69.0
232.0,18.1,71.0,71.0,0.7,391.515524,1.3,1.1,0.331,5.1,63.0
241.0,17.7,4.0,75.0,0.7,375.5819866,1.5,1.3,0.323,4.8,59.4
252.0,17.3,75.0,7.0,0.9,348.151511,1.7,1.6,0.312,4.5,58.2
263.0,16.9,71.0,71.0,1.1,341.2894618,11.0,1.8,0.307,4.2,57.1
367.0,24.1,46.0,46.0,3.9,2996.96432,1.4,1.2,0.514,9.8,53.2
374.0,23.5,42.0,42.0,4.4,2755.297787,1.7,1.6,0.507,9.7,52.7
375.0,22.8,48.0,48.0,4.7,2527.9423,11.0,1.9,0.5,9.6,52.3
374.0,22.2,54.0,54.0,4.8,2327.3267,11.3,11.2,0.492,9.5,52.0
376.0,21.6,66.0,63.0,4.9,197.661422,11.7,11.6,0.487,9.3,51.6
386.0,21.0,6.0,53.0,5.0,1383.893354,12.0,11.9,0.481,9.2,59.0
388.0,2.4,54.0,42.0,5.2,1136.829645,12.3,12.3,0.477,9.1,55.0
396.0,19.9,46.0,4.0,5.3,119.743286,12.6,12.6,0.466,9.0,49.8
4.0,19.3,45.0,36.0,5.4,87.8938738,12.9,12.9,0.463,8.9,49.2
163.0,23.9,72.0,72.0,0.1,1272.44161,19.6,2.0,0.538,7.7,66.0
165.0,23.2,72.0,72.0,0.1,1261.28967,19.8,2.2,0.529,7.6,65.7
167.0,22.5,75.0,74.0,0.1,1226.215314,2.0,2.4,0.525,7.5,65.5
172.0,21.9,82.0,82.0,0.1,14.142268,2.2,2.7,0.521,7.5,65.1
175.0,21.3,7.0,71.0,0.1,16.63999,2.5,2.9,0.514,7.3,64.8
177.0,2.6,7.0,62.0,0.1,139.31288,2.7,21.1,0.513,7.3,64.6
178.0,2.1,75.0,75.0,0.1,95.4327931,2.8,21.3,0.505,6.7,64.4
179.0,19.5,77.0,78.0,0.1,873.772727,21.0,21.5,0.501,6.5,64.2
2.0,18.9,78.0,77.0,0.1,711.4699463,21.2,21.7,0.487,6.1,62.9
183.0,18.4,65.0,65.0,0.1,649.848233,21.4,21.8,0.474,5.6,63.7
185.0,17.9,69.0,67.0,0.1,563.594342,21.6,22.0,0.465,5.6,63.5
118.0,56.3,81.0,8.0,0.1,11685.97983,1.9,1.9,0.773,12.9,77.5
12.0,55.6,87.0,85.0,0.1,1589.82713,1.9,1.9,0.765,12.8,77.2
121.0,54.9,91.0,87.0,0.1,927.723171,2.0,1.9,0.758,12.9,77.3
122.0,54.2,95.0,94.0,0.1,7937.259931,2.0,1.9,0.756,12.8,76.5
127.0,53.4,85.0,85.0,0.1,7429.628274,2.0,1.9,0.755,12.8,76.8
127.0,52.7,86.0,86.0,0.1,6973.9284,2.0,2.0,0.75,12.8,76.5
124.0,51.9,84.0,85.0,0.2,668.8667,2.1,2.0,0.743,12.9,76.4
125.0,51.1,98.0,88.0,0.1,5348.518399,2.1,2.0,0.744,12.9,76.2
122.0,5.3,88.0,92.0,0.1,4916.54886,2.1,2.1,0.74,12.9,75.8
123.0,49.5,92.0,95.0,0.2,4591.892776,2.2,2.1,0.733,12.8,75.8
126.0,48.6,95.0,98.0,0.1,4267.13578,2.2,2.2,0.728,12.8,75.5
125.0,47.8,99.0,99.0,0.2,4126.14671,2.3,2.2,0.725,12.6,75.7
124.0,46.9,95.0,99.0,0.1,446.372833,2.3,2.3,0.721,12.4,75.5
281.0,47.2,8.0,79.0,0.8,229.95364,1.3,1.3,0.506,10.0,62.4
284.0,46.4,81.0,74.0,1.0,271.318741,1.3,1.3,0.501,9.9,62.2
285.0,45.7,69.0,72.0,1.0,177.867119,1.3,1.3,0.494,9.9,62.0
286.0,44.9,72.0,67.0,1.1,1366.879112,1.4,1.3,0.485,9.6,61.8
288.0,44.2,79.0,73.0,1.1,1166.66337,1.4,1.3,0.477,9.2,61.6
29.0,43.4,76.0,63.0,1.3,1178.72469,1.4,1.3,0.469,8.9,61.4
295.0,42.7,72.0,71.0,1.4,956.668952,1.4,1.3,0.461,8.6,61.1
299.0,41.9,67.0,72.0,1.5,854.346921,1.4,1.4,0.454,8.2,68.0
37.0,41.1,61.0,72.0,1.5,77.5773486,1.4,1.4,0.446,7.9,64.0
314.0,4.4,59.0,62.0,1.5,637.3616215,1.5,1.4,0.439,7.6,59.9
321.0,39.6,62.0,68.0,1.4,588.3582595,1.5,1.4,0.433,7.2,59.6
327.0,38.9,54.0,61.0,1.4,511.665773,1.5,1.5,0.428,6.9,59.3
331.0,38.2,52.0,55.0,1.3,539.41528,1.5,1.5,0.422,6.6,59.1
335.0,37.5,51.0,59.0,1.1,631.9468526,1.6,1.5,0.418,6.2,58.9
148.0,48.6,8.0,86.0,0.2,4479.95858,2.0,1.9,0.679,12.3,73.8
148.0,47.9,83.0,87.0,0.1,3855.537735,2.0,2.0,0.679,12.3,73.6
15.0,47.1,84.0,89.0,0.1,3988.11894,2.1,2.0,0.675,12.3,73.4
152.0,46.4,85.0,89.0,0.1,3225.591754,2.1,2.0,0.664,12.4,73.2
155.0,45.6,81.0,85.0,0.1,2599.596259,2.1,2.0,0.663,12.1,73.0
157.0,44.9,85.0,89.0,0.1,359.992184,2.1,2.1,0.654,11.9,72.7
159.0,44.2,95.0,95.0,0.1,2312.192926,2.2,2.1,0.649,12.0,72.5
161.0,43.5,98.0,98.0,0.2,189.71539,2.2,2.2,0.648,12.1,72.3
163.0,42.8,96.0,96.0,0.2,157.145691,2.3,2.2,0.646,12.3,72.1
165.0,42.0,92.0,92.0,0.2,148.527976,2.3,2.2,0.639,12.1,71.9
166.0,41.3,86.0,86.0,0.1,1174.779347,2.4,2.3,0.642,12.7,71.7
125.0,54.2,71.0,88.0,0.1,6583.116248,1.1,1.1,0.731,13.4,75.3
129.0,53.6,94.0,95.0,0.1,6387.785281,1.1,1.1,0.725,13.4,74.9
133.0,52.9,91.0,91.0,0.2,5771.565878,1.1,1.1,0.721,13.4,74.5
14.0,52.2,92.0,93.0,0.2,522.493191,1.1,1.1,0.708,13.3,73.7
14.0,51.5,92.0,93.0,0.3,4166.93387,1.2,1.2,0.706,13.3,73.8
138.0,5.8,93.0,93.0,0.3,428.87811,1.2,1.2,0.7,13.2,73.9
133.0,5.2,93.0,93.0,0.3,3611.2147,1.2,1.2,0.696,13.2,74.0
134.0,49.5,94.0,94.0,0.4,3171.49856,1.2,1.2,0.693,13.0,74.2
148.0,48.8,66.0,77.0,0.4,2754.7829,1.3,1.3,0.692,13.0,72.8
151.0,48.1,81.0,86.0,0.4,2448.143899,1.3,1.3,0.685,12.8,72.2
152.0,47.4,95.0,94.0,0.4,218.25997,1.3,1.3,0.686,13.3,72.1
219.0,24.3,84.0,89.0,0.1,276.289146,1.0,9.7,0.671,11.7,68.1
217.0,23.7,88.0,88.0,0.1,2581.818554,1.0,9.7,0.666,11.6,68.1
218.0,23.1,87.0,87.0,0.1,2352.518156,1.0,9.7,0.669,11.5,68.0
218.0,22.6,78.0,79.0,0.1,2129.499242,1.0,9.7,0.662,11.4,67.9
219.0,22.1,86.0,87.0,0.1,1825.341521,1.0,9.7,0.661,11.7,68.0
217.0,21.6,91.0,91.0,0.1,1919.466195,1.0,9.7,0.655,11.5,67.5
216.0,21.1,87.0,87.0,0.1,1672.685433,1.0,9.7,0.648,11.4,67.5
219.0,2.6,88.0,88.0,0.1,1391.772325,1.0,9.7,0.646,11.5,67.3
223.0,2.1,9.0,89.0,0.1,1194.697155,1.0,9.7,0.642,11.6,67.0
218.0,19.6,85.0,88.0,0.1,179.3715,1.0,9.7,0.636,11.6,67.3
217.0,19.2,85.0,84.0,0.1,11.553196,1.0,9.7,0.631,11.6,67.2
221.0,18.7,77.0,79.0,0.1,1.68135,1.0,9.7,0.625,11.4,66.8
221.0,18.3,76.0,79.0,0.1,957.287441,1.0,9.7,0.622,11.4,66.8
219.0,17.8,74.0,78.0,0.1,138.91977,1.0,9.6,0.618,11.4,66.8
12.0,6.4,95.0,99.0,0.1,1378.54911,2.0,2.1,0.838,15.4,77.1
125.0,59.7,95.0,99.0,0.1,13145.1484,2.0,2.1,0.834,15.3,76.8
128.0,59.1,96.0,99.0,0.1,13893.18768,2.0,2.2,0.829,15.4,76.7
13.0,58.4,96.0,99.0,0.1,12599.52486,2.1,2.2,0.822,15.1,76.3
136.0,57.8,96.0,99.0,0.1,11527.59323,2.1,2.3,0.818,15.1,75.7
14.0,57.2,96.0,99.0,0.1,141.44688,2.2,2.3,0.813,15.0,75.5
144.0,56.6,99.0,99.0,0.1,1126.31852,2.2,2.4,0.808,15.0,75.3
144.0,56.0,99.0,99.0,0.1,94.7726,2.3,2.4,0.803,15.0,75.2
144.0,55.5,99.0,99.0,0.1,821.251569,2.3,2.5,0.797,14.8,75.0
143.0,55.0,99.0,99.0,0.1,6681.178818,2.4,2.5,0.8,15.5,74.9
142.0,54.5,98.0,99.0,0.1,5693.52416,2.4,2.6,0.796,15.3,74.7
145.0,54.0,98.0,99.0,0.1,5196.932921,2.5,2.6,0.79,15.0,74.5
149.0,53.6,98.0,98.0,0.1,4981.198619,2.5,2.7,0.784,14.7,74.2
153.0,53.1,98.0,98.0,0.1,4492.72764,2.5,2.8,0.777,14.6,73.7
138.0,59.2,88.0,92.0,0.1,9585.266593,2.7,2.9,0.794,14.7,74.6
138.0,58.4,92.0,91.0,0.1,8558.39766,2.8,3.0,0.797,15.3,74.4
139.0,57.7,89.0,89.0,0.1,92.277825,2.9,3.1,0.798,15.7,74.3
153.0,56.9,94.0,94.0,0.1,8297.483621,3.0,3.2,0.797,15.8,73.4
158.0,56.3,95.0,95.0,0.1,822.18329,3.0,3.3,0.795,15.4,73.1
159.0,55.6,95.0,96.0,0.1,1136.47356,3.1,3.5,0.78,14.7,73.1
154.0,55.0,96.0,96.0,0.1,8214.185378,3.2,3.6,0.766,14.1,72.9
157.0,54.4,97.0,97.0,0.1,5828.745662,3.2,3.7,0.755,13.7,72.5
162.0,53.9,97.0,97.0,0.1,4676.315183,3.3,3.8,0.745,13.4,71.9
165.0,53.4,97.0,97.0,0.1,3552.92452,3.4,3.9,0.733,12.9,71.7
174.0,52.9,97.0,97.0,0.1,2774.95586,3.5,4.0,0.722,12.5,71.1
178.0,52.4,98.0,98.0,0.1,2124.873613,3.7,4.1,0.714,12.0,77.0
179.0,51.9,99.0,99.0,0.1,1839.72945,3.8,4.2,0.708,11.7,78.0
175.0,51.4,99.0,99.0,0.1,1668.162731,4.0,4.3,0.703,11.5,77.0
229.0,59.3,98.0,97.0,0.2,15543.67653,2.3,2.3,0.799,14.6,70.0
237.0,58.7,98.0,97.0,0.3,15154.45687,2.3,2.4,0.792,14.3,69.6
242.0,58.1,97.0,97.0,0.3,14212.687,2.3,2.4,0.785,14.0,69.4
256.0,57.5,98.0,97.0,0.2,1674.98771,2.3,2.5,0.773,13.7,68.4
261.0,57.0,98.0,98.0,0.3,8562.89598,2.3,2.5,0.776,14.0,68.2
278.0,56.6,98.0,98.0,0.3,11635.2637,2.3,2.5,0.769,13.9,67.5
282.0,56.1,98.0,98.0,0.3,911.25385,2.4,2.6,0.761,13.8,67.3
3.0,55.7,98.0,98.0,0.3,692.194398,2.4,2.7,0.754,13.8,66.4
327.0,55.3,98.0,98.0,0.3,5323.473877,2.4,2.7,0.748,13.7,65.0
321.0,55.0,98.0,97.0,0.3,412.372294,2.5,2.8,0.741,13.6,64.9
322.0,54.7,97.0,96.0,0.4,2975.132778,2.6,2.8,0.733,13.2,64.6
313.0,54.5,97.0,97.0,0.3,2375.5944,2.7,2.9,0.727,12.8,64.8
38.0,54.2,97.0,96.0,0.3,21.362386,2.8,3.0,0.72,12.5,65.1
233.0,2.1,98.0,98.0,0.5,688.8768557,5.9,5.9,0.485,10.8,65.2
239.0,19.5,98.0,98.0,0.7,678.796973,6.1,6.1,0.475,10.5,64.6
247.0,18.9,93.0,97.0,1.3,617.317648,6.3,6.2,0.464,10.2,63.8
26.0,18.3,93.0,97.0,2.3,563.491487,6.5,6.3,0.454,10.0,62.8
288.0,17.7,93.0,97.0,2.8,539.1538211,6.6,6.4,0.447,10.2,61.0
282.0,17.1,97.0,97.0,3.7,5.6687264,6.7,6.6,0.438,10.4,68.0
295.0,16.5,98.0,97.0,5.0,44.853339,6.8,6.7,0.424,10.1,59.6
328.0,15.9,99.0,99.0,6.2,342.3656294,6.8,6.8,0.404,9.3,57.6
37.0,15.4,95.0,95.0,7.1,287.931877,6.8,7.0,0.388,8.8,55.3
397.0,14.9,89.0,89.0,7.7,236.9114381,6.9,7.1,0.371,8.2,53.4
48.0,14.5,96.0,96.0,8.1,212.6619491,7.0,7.3,0.359,7.6,52.0
415.0,14.1,85.0,88.0,8.0,196.59778,7.2,7.4,0.343,7.2,57.0
196.0,23.2,89.0,92.0,0.3,148.912351,9.9,9.7,0.474,8.7,66.0
2.0,22.7,83.0,91.0,0.4,136.4518,1.0,9.9,0.463,8.3,65.6
26.0,22.2,89.0,92.0,0.4,18.25321,1.2,1.1,0.455,7.9,64.9
212.0,21.7,76.0,89.0,0.4,11.631377,1.4,1.3,0.449,7.7,64.3
219.0,21.2,83.0,86.0,0.5,12.566464,1.6,1.5,0.444,7.5,63.5
225.0,2.8,87.0,88.0,0.6,11.33678,1.8,1.7,0.435,7.1,62.8
23.0,2.3,93.0,94.0,0.7,95.3978522,11.0,1.9,0.425,6.8,62.1
236.0,19.9,89.0,89.0,0.7,89.838296,11.2,11.1,0.422,6.6,61.3
242.0,19.5,84.0,84.0,0.7,773.8698713,11.4,11.3,0.415,6.4,65.0
247.0,19.1,87.0,87.0,0.7,733.581811,11.6,11.5,0.408,6.2,59.7
122.0,58.9,97.0,95.0,0.1,6353.826383,2.1,2.1,0.766,14.1,75.3
126.0,58.3,93.0,91.0,0.1,5659.3824,2.1,2.1,0.767,14.0,74.9
127.0,57.7,94.0,94.0,0.1,6423.291783,2.2,2.2,0.757,13.5,74.6
128.0,57.0,91.0,91.0,0.1,5411.87744,2.2,2.3,0.755,13.6,74.4
131.0,56.4,97.0,95.0,0.1,5821.35397,2.3,2.3,0.754,13.6,74.1
132.0,55.8,95.0,95.0,0.1,671.773913,2.3,2.4,0.749,13.5,74.0
132.0,55.1,93.0,94.0,0.1,5458.121718,2.4,2.4,0.743,13.5,73.8
133.0,54.5,97.0,92.0,0.1,4129.758741,2.5,2.5,0.739,13.4,73.6
135.0,53.9,98.0,98.0,0.1,3528.1318,2.5,2.6,0.73,13.2,73.0
134.0,53.3,96.0,88.0,0.1,3331.228766,2.6,2.6,0.72,13.1,73.0
47.0,23.3,92.0,92.0,0.8,71.8186998,7.7,7.6,0.413,9.3,54.0
411.0,22.7,91.0,91.0,0.9,561.8984239,7.9,7.8,0.401,9.1,49.7
418.0,22.2,88.0,89.0,1.3,445.525,8.1,8.0,0.392,8.9,48.9
424.0,21.7,84.0,86.0,1.6,45.128418,8.3,8.2,0.384,8.7,48.1
433.0,21.2,81.0,84.0,1.7,394.5932439,8.5,8.4,0.375,8.5,47.1
441.0,2.7,75.0,77.0,1.9,46.3759178,8.7,8.7,0.367,8.3,46.2
45.0,2.2,63.0,64.0,2.2,358.8274716,8.9,8.9,0.357,8.2,45.3
371.0,49.5,73.0,73.0,4.5,6876.953821,5.4,6.5,0.652,12.8,69.0
48.0,48.7,65.0,65.0,7.6,7548.163698,6.0,7.3,0.644,12.8,59.2
413.0,47.9,69.0,69.0,8.5,849.954224,6.6,8.0,0.638,12.8,58.9
428.0,47.2,72.0,72.0,11.0,7362.76139,7.3,8.9,0.63,12.8,58.0
449.0,46.4,75.0,76.0,19.0,5888.6284,8.1,9.8,0.622,12.8,56.5
473.0,45.7,77.0,79.0,23.5,5786.59972,8.9,1.7,0.616,12.9,55.3
486.0,45.0,79.0,82.0,26.4,6125.39984,9.7,11.7,0.612,12.9,54.5
496.0,44.3,79.0,82.0,28.1,5631.73485,1.6,12.8,0.609,12.9,54.0
498.0,43.6,75.0,79.0,29.5,5414.634326,11.6,13.9,0.609,12.9,53.8
497.0,42.9,73.0,74.0,29.7,4863.51688,12.6,15.0,0.611,12.9,53.7
485.0,42.2,7.0,69.0,28.9,3775.68275,13.5,16.1,0.613,12.9,54.0
459.0,41.6,7.0,7.0,26.6,2518.398261,14.5,17.1,0.62,12.9,54.9
429.0,4.9,71.0,71.0,24.0,2681.781,15.4,18.1,0.629,13.0,56.0
397.0,4.1,71.0,73.0,21.3,337.2253,16.3,19.1,0.635,13.0,57.3
6.0,65.4,96.0,96.0,0.1,2921.9342,0.6,0.5,0.874,17.5,82.4
61.0,64.8,97.0,97.0,0.1,28562.29324,0.6,0.5,0.871,17.2,82.0
63.0,64.1,97.0,97.0,0.1,31834.21816,0.6,0.5,0.867,16.9,82.1
64.0,63.5,97.0,97.0,0.1,3736.228,0.6,0.5,0.86,16.4,81.9
66.0,62.9,96.0,96.0,0.1,32333.4661,0.6,0.5,0.858,16.3,81.6
7.0,62.3,97.0,97.0,0.1,35578.73619,0.6,0.5,0.854,16.1,81.3
72.0,61.7,96.0,96.0,0.1,3279.414,0.6,0.5,0.849,16.0,89.0
73.0,61.1,98.0,98.0,0.1,28482.6948,0.6,0.5,0.844,15.9,88.0
77.0,6.5,96.0,96.0,0.1,2651.71745,0.6,0.5,0.837,15.8,81.0
79.0,59.9,97.0,97.0,0.1,24918.64584,0.6,0.5,0.833,15.6,81.0
83.0,59.3,99.0,98.0,0.1,21495.7741,0.6,0.5,0.83,15.6,79.4
83.0,58.8,98.0,98.0,0.1,1719.53541,0.6,0.5,0.828,15.7,79.5
84.0,58.2,95.0,96.0,0.1,15323.6114,0.6,0.5,0.825,15.7,79.4
86.0,57.6,95.0,95.0,0.1,14676.769,0.6,0.5,0.82,15.7,79.1
57.0,58.5,98.0,98.0,0.1,6283.24522,1.4,1.3,0.904,15.8,81.9
57.0,58.1,98.0,98.0,0.1,57134.777,1.4,1.3,0.903,15.8,81.7
58.0,57.7,98.0,98.0,0.1,59593.28711,1.4,1.3,0.901,16.0,81.7
121.0,49.4,83.0,8.0,0.1,258.3529,6.4,6.2,0.644,11.5,73.8
123.0,48.5,83.0,8.0,0.1,1762.24617,6.4,6.3,0.636,11.4,73.7
127.0,47.6,83.0,8.0,0.1,1577.457182,6.5,6.3,0.624,11.0,73.5
131.0,46.8,84.0,81.0,0.1,148.852738,6.5,6.3,0.61,10.6,73.2
134.0,46.0,85.0,83.0,0.1,1253.39143,6.6,6.4,0.599,10.3,73.0
135.0,45.3,86.0,84.0,0.1,1263.13455,6.6,6.5,0.596,10.2,72.8
135.0,44.6,83.0,82.0,0.1,1258.421953,6.7,6.5,0.589,10.1,72.7
136.0,43.9,86.0,84.0,0.1,1177.629268,6.8,6.6,0.588,10.0,72.6
163.0,39.0,97.0,96.0,0.2,14.214412,3.6,3.7,0.617,11.2,69.3
164.0,38.2,96.0,94.0,0.2,954.725253,3.6,3.7,0.613,11.1,68.8
166.0,37.4,97.0,96.0,0.2,834.5412953,3.7,3.7,0.608,11.1,68.1
171.0,36.6,95.0,93.0,0.2,738.3475227,3.7,3.8,0.603,11.1,67.3
174.0,35.9,93.0,93.0,0.2,666.3458569,3.7,3.8,0.601,11.1,66.7
178.0,35.3,87.0,86.0,0.3,76.914128,3.8,3.8,0.592,10.8,66.4
181.0,34.7,85.0,86.0,0.3,52.35956,3.8,3.8,0.586,10.9,66.1
183.0,34.1,76.0,83.0,0.3,44.2872665,3.8,3.9,0.579,10.7,65.9
194.0,33.5,79.0,84.0,0.3,337.359236,3.8,3.9,0.572,10.6,65.5
177.0,33.0,82.0,86.0,0.3,39.281834,3.9,3.9,0.563,10.5,65.9
182.0,32.5,82.0,85.0,0.3,236.314438,4.0,4.0,0.553,10.1,65.2
193.0,32.1,84.0,85.0,0.3,189.3878519,4.0,4.0,0.543,9.8,64.3
153.0,31.3,99.0,99.0,0.1,6171.262444,7.9,7.9,0.733,13.6,74.5
154.0,3.1,99.0,99.0,0.1,5859.915622,8.0,8.1,0.729,13.7,74.3
155.0,29.0,99.0,99.0,0.2,5491.159981,8.1,8.2,0.72,13.3,74.1
158.0,27.9,99.0,99.0,0.2,575.32176,8.2,8.3,0.711,13.1,73.9
16.0,26.8,99.0,99.0,0.3,4212.5492,8.3,8.5,0.706,13.0,73.7
162.0,25.7,99.0,99.0,0.3,4378.68746,8.5,8.6,0.7,12.9,73.5
165.0,24.6,98.0,98.0,0.4,3972.26475,8.6,8.8,0.687,12.3,73.3
168.0,23.6,98.0,98.0,0.5,3368.952576,8.7,8.9,0.686,12.4,73.0
177.0,22.6,98.0,98.0,0.5,2893.651356,8.9,9.1,0.682,12.0,72.5
189.0,21.7,98.0,98.0,0.5,2659.83918,9.0,9.2,0.674,11.9,71.6
189.0,2.9,98.0,98.0,0.6,2358.93629,9.1,9.3,0.666,11.8,71.7
192.0,2.2,97.0,96.0,0.7,296.54617,9.2,9.5,0.657,11.5,71.4
194.0,19.4,97.0,96.0,0.8,1893.145377,9.3,9.6,0.649,11.2,71.2
194.0,18.7,97.0,97.0,0.8,27.564826,9.4,9.7,0.64,10.9,71.1
287.0,23.1,84.0,84.0,1.5,579.43485,6.8,6.6,0.47,12.0,59.4
294.0,22.6,84.0,84.0,1.7,563.6894247,7.0,6.8,0.464,12.0,58.9
34.0,22.0,85.0,85.0,2.6,562.3393592,7.1,7.0,0.457,11.5,58.3
323.0,21.4,83.0,83.0,3.8,487.9238913,7.3,7.2,0.449,11.0,57.4
336.0,2.9,78.0,78.0,4.3,499.6468713,7.5,7.4,0.442,10.6,56.7
344.0,2.4,8.0,81.0,4.8,513.391914,7.7,7.6,0.441,10.1,56.2
13.0,59.3,98.0,98.0,0.1,4199.47253,6.4,6.3,0.72,14.7,74.9
13.0,58.3,97.0,97.0,0.1,4137.55421,6.4,6.3,0.717,14.6,74.9
13.0,57.4,98.0,98.0,0.1,4256.91279,6.4,6.3,0.714,14.5,74.8
12.0,56.5,98.0,98.0,0.1,414.15177,6.3,6.3,0.71,14.4,74.8
12.0,55.6,99.0,99.0,0.1,4129.977335,6.3,6.3,0.706,14.4,74.7
12.0,54.7,99.0,99.0,0.1,431.9326,6.3,6.3,0.701,14.3,74.7
12.0,53.9,98.0,98.0,0.1,3778.184171,6.3,6.3,0.695,14.3,74.6
12.0,53.1,99.0,99.0,0.1,3371.71231,6.3,6.3,0.689,14.2,74.4
14.0,52.2,98.0,98.0,0.1,3194.562243,6.4,6.3,0.683,13.9,74.2
15.0,51.4,97.0,97.0,0.1,3112.83529,6.4,6.3,0.673,13.6,74.0
17.0,5.6,95.0,95.0,0.1,2761.969249,6.4,6.3,0.667,13.5,73.7
19.0,49.7,96.0,96.0,0.1,2346.5937,6.5,6.4,0.662,13.3,73.5
11.0,48.9,98.0,98.0,0.1,2254.933126,6.5,6.4,0.654,13.1,73.2
112.0,48.1,97.0,97.0,0.1,2213.91488,6.6,6.5,0.646,12.8,72.9
19.0,64.5,98.0,98.0,0.1,12542.93565,4.9,4.7,0.754,14.4,75.2
112.0,63.7,97.0,97.0,0.1,1172.3843,4.9,4.7,0.75,14.3,74.8
114.0,62.8,97.0,97.0,0.1,11341.13395,4.9,4.7,0.737,13.8,74.5
116.0,61.9,97.0,97.0,0.1,1672.5693,4.9,4.7,0.715,13.0,74.2
118.0,61.1,96.0,96.0,0.1,936.499911,4.9,4.8,0.709,12.5,73.9
121.0,6.2,96.0,96.0,0.1,185.68975,5.0,4.8,0.705,12.5,73.5
124.0,59.3,96.0,96.0,0.1,979.49246,5.0,4.8,0.697,12.3,73.2
126.0,58.5,9.0,9.0,0.1,834.869161,5.0,4.8,0.687,11.9,72.8
129.0,57.6,9.0,9.0,0.1,7384.354661,5.0,4.9,0.681,11.9,72.4
132.0,56.8,85.0,85.0,0.1,64.72953,5.1,4.9,0.675,12.0,72.0
135.0,55.9,69.0,68.0,0.1,4718.51291,5.1,5.0,0.668,11.9,71.6
138.0,55.1,78.0,78.0,0.1,366.57,5.2,5.0,0.658,11.5,71.2
14.0,54.3,88.0,88.0,0.1,3119.63716,5.2,5.1,0.653,11.1,78.0
143.0,53.5,85.0,85.0,0.1,4316.553895,5.3,5.2,0.641,10.7,74.0
228.0,46.7,98.0,98.0,0.1,734.42525,3.2,3.3,0.678,10.7,65.4
22.0,45.9,98.0,97.0,0.1,6675.262954,3.2,3.3,0.672,10.7,65.6
217.0,45.0,97.0,97.0,0.1,5649.978486,3.2,3.3,0.665,10.6,65.6
211.0,44.2,96.0,96.0,0.1,4439.23,3.2,3.3,0.0,10.6,65.8
215.0,43.4,97.0,96.0,0.1,436.459223,3.2,3.3,0.0,10.5,65.6
235.0,42.7,96.0,96.0,0.1,394.467675,3.2,3.3,0.0,10.5,64.5
241.0,42.0,98.0,98.0,0.1,26.371428,3.3,3.3,0.0,10.4,64.1
245.0,41.3,98.0,98.0,0.1,2136.66815,3.3,3.3,0.0,10.4,63.7
248.0,4.7,99.0,99.0,0.1,174.51475,3.4,3.4,0.0,10.3,63.3
238.0,4.0,98.0,97.0,0.1,1453.917166,3.4,3.4,0.0,10.3,63.5
231.0,39.4,66.0,83.0,0.1,1283.885977,3.5,3.4,0.0,10.3,63.4
229.0,38.7,99.0,98.0,0.1,967.917468,3.5,3.5,0.0,10.2,63.3
325.0,17.6,82.0,78.0,4.0,662.492293,5.7,5.7,0.478,10.0,67.0
339.0,17.2,82.0,78.0,4.6,647.74741,5.8,5.8,0.477,10.0,60.0
347.0,16.7,82.0,82.0,6.8,584.3962137,5.9,5.9,0.477,10.7,59.3
362.0,16.3,79.0,8.0,8.0,594.9972557,6.0,6.0,0.473,10.9,58.4
378.0,15.9,78.0,79.0,8.1,647.17732,6.1,6.1,0.464,10.8,57.5
41.0,15.6,69.0,71.0,8.2,449.6928183,6.2,6.2,0.453,10.6,56.3
41.0,15.2,7.0,73.0,8.4,41.858631,6.3,6.3,0.442,10.3,55.5
41.0,14.8,62.0,64.0,8.6,336.4593923,6.4,6.4,0.434,10.6,54.9
446.0,14.5,59.0,64.0,8.7,315.788227,6.5,6.5,0.429,10.9,53.2
485.0,14.2,58.0,62.0,8.9,288.236949,6.6,6.6,0.427,11.6,51.3
53.0,13.9,57.0,59.0,9.4,237.9995917,6.7,6.7,0.418,11.5,51.0
523.0,13.6,57.0,57.0,10.0,24.2423229,6.8,6.8,0.404,11.0,48.8
198.0,6.1,72.0,76.0,0.2,429.71554,2.3,2.4,0.744,15.2,71.0
25.0,59.6,72.0,76.0,0.2,3855.42128,2.4,2.4,0.739,15.1,77.0
24.0,59.0,54.0,5.0,0.2,3569.75727,2.4,2.5,0.734,14.9,75.0
212.0,58.5,57.0,52.0,0.2,2965.142365,2.4,2.5,0.728,14.9,69.8
231.0,58.0,74.0,71.0,0.3,2545.48341,2.5,2.6,0.734,14.9,69.2
273.0,57.6,91.0,9.0,0.4,3891.37823,2.5,2.6,0.73,14.9,67.7
277.0,57.2,98.0,98.0,0.7,368.68998,2.5,2.7,0.723,14.8,67.5
267.0,56.8,99.0,98.0,0.8,233.18831,2.6,2.7,0.716,14.7,67.7
278.0,56.4,95.0,96.0,0.9,1828.717626,2.7,2.8,0.707,14.5,67.0
267.0,56.1,99.0,99.0,1.0,1367.352433,2.7,2.8,0.7,14.6,67.4
256.0,55.7,99.0,97.0,0.9,148.522488,2.8,2.9,0.691,14.3,67.6
256.0,55.4,99.0,99.0,0.9,879.475486,2.9,3.0,0.683,13.9,67.6
253.0,55.1,99.0,99.0,0.8,78.738243,2.9,3.0,0.673,13.2,67.7
257.0,54.8,99.0,99.0,0.7,635.789635,3.0,3.1,0.669,13.3,67.5
117.0,62.9,94.0,94.0,0.1,16881.2568,1.5,1.4,0.788,15.5,76.8
118.0,62.3,95.0,95.0,0.1,1592.6819,1.5,1.5,0.784,15.5,76.5
111.0,61.8,95.0,95.0,0.1,14166.4998,1.5,1.5,0.78,15.5,77.0
118.0,61.2,95.0,95.0,0.1,11938.212,1.5,1.5,0.777,15.6,76.3
118.0,6.7,95.0,95.0,0.1,9415.17386,1.5,1.5,0.774,15.5,76.6
119.0,6.1,94.0,94.0,0.1,962.312164,1.6,1.5,0.77,15.7,76.4
124.0,59.5,94.0,94.0,0.1,79.69746,1.6,1.5,0.76,15.3,75.4
117.0,58.9,95.0,95.0,0.1,5877.87678,1.6,1.6,0.756,15.2,76.2
123.0,58.3,96.0,96.0,0.1,522.951116,1.6,1.6,0.753,15.5,75.7
122.0,57.7,95.0,94.0,0.1,4117.38853,1.7,1.6,0.75,15.5,75.4
121.0,57.0,91.0,91.0,0.1,3622.52284,1.7,1.6,0.747,15.0,75.4
124.0,56.3,93.0,95.0,0.1,488.768855,1.7,1.7,0.746,14.7,75.4
123.0,55.7,94.0,94.0,0.1,6281.37747,1.8,1.7,0.742,14.2,75.2
131.0,55.0,92.0,9.0,0.1,6871.897677,1.8,1.7,0.738,14.0,75.1
185.0,43.0,99.0,99.0,0.1,197.551233,3.0,3.1,0.681,12.0,69.1
184.0,42.2,99.0,99.0,0.1,174.468298,3.0,3.1,0.673,12.0,68.8
183.0,41.4,99.0,99.0,0.1,1564.966945,3.0,3.1,0.664,12.0,68.5
183.0,4.7,99.0,99.0,0.2,1377.8214,3.0,3.1,0.657,11.9,68.3
183.0,4.0,99.0,98.0,0.2,1213.265328,3.1,3.1,0.651,11.8,68.0
184.0,39.3,98.0,98.0,0.3,182.28625,3.1,3.1,0.644,11.9,67.9
184.0,38.7,98.0,96.0,0.3,83.476942,3.1,3.1,0.631,11.8,67.8
185.0,38.1,94.0,96.0,0.4,654.2838373,3.2,3.2,0.626,11.8,67.6
192.0,37.5,99.0,99.0,0.3,546.776852,3.2,3.2,0.62,11.7,67.3
183.0,37.0,99.0,99.0,0.3,465.1198869,3.2,3.2,0.613,11.6,67.8
183.0,36.4,99.0,98.0,0.3,396.129969,3.3,3.3,0.607,11.3,67.2
186.0,35.9,99.0,99.0,0.2,383.3494997,3.3,3.3,0.6,11.0,67.1
328.0,22.3,74.0,79.0,4.8,185.793359,6.4,6.2,0.565,12.5,63.0
349.0,21.7,7.0,78.0,5.6,1734.93612,6.5,6.3,0.554,12.3,59.2
366.0,21.2,83.0,81.0,6.3,1644.619672,6.6,6.4,0.543,12.0,58.2
363.0,2.7,8.0,83.0,6.8,1463.213573,6.7,6.5,0.533,11.8,58.0
368.0,2.2,93.0,94.0,9.1,1139.11233,6.7,6.6,0.518,11.6,57.4
45.0,19.7,9.0,87.0,11.9,1369.68249,6.8,6.7,0.504,11.4,55.7
487.0,19.2,77.0,8.0,13.6,114.587985,6.9,6.8,0.492,11.1,52.6
526.0,18.8,83.0,81.0,15.9,13.154199,7.0,6.9,0.479,10.9,58.0
554.0,18.4,84.0,82.0,17.0,691.3178164,7.1,7.0,0.467,10.7,49.3
399.0,3.8,95.0,95.0,6.8,111.227396,6.2,6.0,0.488,10.4,58.0
429.0,3.3,95.0,95.0,8.8,955.648466,6.5,6.4,0.464,9.8,56.6
464.0,29.9,93.0,93.0,13.3,839.927936,6.8,6.7,0.452,10.1,54.9
527.0,29.4,89.0,89.0,15.7,713.63562,7.1,7.0,0.436,10.0,52.4
587.0,29.0,69.0,73.0,18.1,65.824121,7.5,7.4,0.419,9.9,50.0
632.0,28.6,75.0,75.0,20.5,325.678573,7.8,7.8,0.421,9.7,48.2
67.0,28.2,73.0,73.0,23.7,396.9982166,8.2,8.2,0.414,9.6,46.6
7.0,27.9,71.0,7.0,26.8,414.796232,8.6,8.6,0.408,9.5,45.4
717.0,27.5,69.0,68.0,30.3,444.76575,9.0,9.0,0.406,9.3,44.6
723.0,27.1,67.0,65.0,33.6,454.366654,9.4,9.4,0.407,9.2,44.3
715.0,26.7,7.0,68.0,36.7,453.3511552,9.8,9.9,0.418,9.5,44.5
73.0,26.3,73.0,71.0,39.8,57.34834,1.2,1.3,0.427,10.0,44.8
686.0,25.9,76.0,75.0,42.1,548.587312,1.6,1.7,0.427,9.8,45.3
665.0,25.5,78.0,78.0,43.5,547.3588785,11.0,11.2,0.434,9.8,46.0
